player_id,temporada,contrato_vence,snapshot
949116,2024-2025,,
471690,2024-2025,2025-06-30,20250115121943
1183719,2024-2025,2026-06-30,20241227131438
592979,2024-2025,2026-06-30,20241222155130
592979,2025-2026,,
631927,2024-2025,,
631927,2025-2026,,
648032,2024-2025,2025-06-30,20250116174844
211474,2024-2025,,20240903025703
211474,2025-2026,,
325993,2024-2025,,
659543,2024-2025,2028-06-30,20240820223631
659543,2025-2026,,
908621,2024-2025,2028-06-30,20250222181339
393238,2024-2025,2026-06-30,20241008212929
393238,2025-2026,,
646402,2024-2025,2029-06-30,20241007191644
646402,2025-2026,,
199704,2024-2025,,
331726,2024-2025,2025-06-30,20241112224905
331726,2025-2026,2029-06-30,20251203065248
559979,2024-2025,,
559979,2025-2026,,
566025,2024-2025,2028-06-30,20241122014457
1057820,2024-2025,2025-06-30,20250131040908
538971,2024-2025,2025-06-30,20241008032630
538971,2025-2026,2027-06-30,20260107230524
332705,2024-2025,,
332705,2025-2026,2028-06-30,20260227091817
452477,2024-2025,,20241007233417
452477,2025-2026,,20251002171257
258878,2024-2025,,
258878,2025-2026,2028-06-30,20260213051228
814976,2024-2025,2027-06-30,20240924235004
346779,2024-2025,,
346779,2025-2026,2027-06-30,20260225152017
658536,2024-2025,,
658536,2025-2026,,
532776,2024-2025,,
532776,2025-2026,,
496094,2024-2025,2027-06-30,20241008112051
496094,2025-2026,2027-06-30,20250916032233
395236,2024-2025,2025-06-30,20241007103733
71271,2024-2025,,
71271,2025-2026,,
373433,2024-2025,2024-12-31,20240924220647
944570,2024-2025,2027-06-30,20241105191802
944570,2025-2026,2029-06-30,20251027002820
237658,2024-2025,2027-06-30,20250427144850
237658,2025-2026,2026-06-30,20250911162444
683895,2024-2025,2028-06-30,20241003074654
683895,2025-2026,,
625014,2024-2025,,
625014,2025-2026,2026-06-30,20251019002333
1047256,2024-2025,,
569384,2024-2025,2028-06-30,20241226050636
569384,2025-2026,,
1111820,2024-2025,,20250601083214
1111820,2025-2026,,
328658,2024-2025,2028-06-30,20240925044959
328658,2025-2026,,
283994,2024-2025,2025-06-30,20241008075319
283994,2025-2026,,
236490,2024-2025,2025-06-30,20241112210641
236490,2025-2026,2028-06-30,20251106182527
958647,2024-2025,,
177476,2024-2025,2027-06-30,20241105192024
177476,2025-2026,,
709969,2024-2025,2026-06-30,20240912170226
709969,2025-2026,2026-06-30,20260114224806
284730,2024-2025,2027-06-30,20241109052808
284730,2025-2026,2026-06-30,20251117201602
355627,2024-2025,,
429901,2024-2025,,
806793,2024-2025,2027-06-30,20241115210810
806793,2025-2026,2028-06-30,20251116225951
745200,2024-2025,2028-06-30,20241225232008
745200,2025-2026,2028-06-30,20251027014206
170481,2024-2025,2025-06-30,20241110021121
170481,2025-2026,,
881610,2024-2025,2028-06-30,20240926225247
160241,2024-2025,2026-06-30,20241113064856
160241,2025-2026,,
59016,2024-2025,2026-06-30,20240929014659
59016,2025-2026,,
197642,2024-2025,2028-06-30,20241225141946
105470,2024-2025,2027-06-30,20250209135748
105470,2025-2026,2027-06-30,20260518172226
872184,2024-2025,2028-06-30,20241226125734
646733,2024-2025,,
646733,2025-2026,,
207929,2024-2025,,
375382,2024-2025,,
375382,2025-2026,,
576028,2024-2025,,
576028,2025-2026,2030-06-30,20251125045634
300532,2024-2025,2027-06-30,20240815034723
300532,2025-2026,,
272999,2024-2025,2026-06-30,20250122035949
354909,2024-2025,2026-06-30,20250127164015
466801,2024-2025,2029-06-30,20250411132645
466801,2025-2026,,
1135364,2024-2025,,20250531212010
401356,2024-2025,2028-06-30,20241009200416
466807,2024-2025,,
466807,2025-2026,,
892929,2024-2025,2025-06-30,20241030183757
892929,2025-2026,,
576024,2024-2025,2030-06-30,20241002204659
576024,2025-2026,2030-06-30,20251208081750
255488,2024-2025,,
255488,2025-2026,,
855134,2024-2025,2028-06-30,20241018143034
855134,2025-2026,2028-06-30,20251123210827
867711,2024-2025,2028-06-30,20241224024709
377219,2024-2025,2027-06-30,20240928011727
287579,2024-2025,2025-06-30,20241112204717
287579,2025-2026,2028-06-30,20250901204401
567576,2024-2025,,
567576,2025-2026,,
800176,2024-2025,,20241007195728
800176,2025-2026,,
84301,2024-2025,2026-06-30,20241008012351
84301,2025-2026,,
481084,2024-2025,2029-06-30,20240928150453
159088,2024-2025,2028-06-30,20250114151230
159088,2025-2026,2028-06-30,20250916063804
277179,2024-2025,,
277179,2025-2026,,
433181,2024-2025,,
433181,2025-2026,2026-06-30,20260113080917
193004,2024-2025,2028-06-30,20240824215138
193004,2025-2026,2028-06-30,20251010152545
104124,2024-2025,2025-06-30,20241208220051
834744,2024-2025,2025-06-30,20240910085416
834744,2025-2026,,
327126,2024-2025,,
892926,2024-2025,,
111038,2024-2025,2025-06-30,20241114004852
434602,2024-2025,2027-06-30,20241225171627
290249,2024-2025,2028-06-30,20241007204547
290249,2025-2026,,
661145,2024-2025,,
661145,2025-2026,,
513970,2024-2025,,
895480,2024-2025,,
1107733,2024-2025,2027-06-30,20240920174655
1107733,2025-2026,,
117674,2024-2025,2026-06-30,20241010032039
117674,2025-2026,2026-06-30,20251022120541
343337,2024-2025,,
192279,2024-2025,2025-05-31,20240927215622
192279,2025-2026,,
468198,2024-2025,2026-06-30,20250531115459
296622,2024-2025,,
935245,2024-2025,2026-06-30,20241203090749
935245,2025-2026,2031-06-30,20260107163837
72047,2024-2025,2025-06-30,20241202193612
72047,2025-2026,,
855308,2024-2025,2025-06-30,20241113164324
855308,2025-2026,2029-06-30,20251109162322
526845,2024-2025,2023-07-13,20241110074745
526845,2025-2026,2023-07-13,20251006225405
256339,2024-2025,,
256339,2025-2026,,
284595,2024-2025,2025-06-30,20241111100554
585982,2024-2025,,
585982,2025-2026,2028-06-30,20251005130322
441986,2024-2025,2028-06-30,20241004150945
441986,2025-2026,,
923759,2024-2025,,
167721,2024-2025,,
167721,2025-2026,,
45403,2024-2025,2025-06-30,20241008004310
57500,2024-2025,2025-06-30,20241008203543
57500,2025-2026,2026-06-30,20260302071236
310527,2024-2025,2026-06-30,20250122150256
531065,2024-2025,,
531065,2025-2026,2026-06-30,20251003225406
960941,2024-2025,2025-06-30,20250104152927
40633,2024-2025,,
463603,2024-2025,,
463603,2025-2026,2030-06-30,20250909132750
730581,2024-2025,2029-06-30,20241105191848
730581,2025-2026,2030-06-30,20250914235122
548111,2024-2025,2028-06-30,20240913160346
548111,2025-2026,,
501709,2024-2025,2028-06-30,20240910095308
501709,2025-2026,,
864799,2024-2025,2025-06-30,20241226223227
327251,2024-2025,,
327251,2025-2026,2027-06-30,20251101183248
540664,2024-2025,2027-06-30,20240925065751
540664,2025-2026,2030-06-30,20251003094952
636688,2024-2025,,
636688,2025-2026,,
973085,2024-2025,,
973085,2025-2026,2028-06-30,20251209235118
238752,2024-2025,,
85295,2024-2025,2027-06-30,20250228024415
85295,2025-2026,,
503770,2024-2025,,20240927222037
503770,2025-2026,2028-06-30,20260115175403
45146,2024-2025,,20240913153225
372445,2024-2025,,
596821,2024-2025,,20241110220029
272261,2024-2025,2025-06-30,20240907154442
532775,2024-2025,,
532775,2025-2026,,
708265,2024-2025,2028-06-30,20241105192151
708265,2025-2026,,
255942,2024-2025,2029-06-30,20241009004346
255942,2025-2026,2029-06-30,20260202044218
39125,2024-2025,2026-06-30,20241009062727
484743,2024-2025,2026-06-30,20241109022825
979773,2024-2025,,
131978,2024-2025,,20240925184050
131978,2025-2026,,
298575,2024-2025,,
298575,2025-2026,2026-06-30,20251004020121
398065,2024-2025,,
671915,2024-2025,2025-06-30,20250115084147
616369,2024-2025,,
616369,2025-2026,2030-06-30,20260214120552
775605,2024-2025,2028-06-30,20241109073208
775605,2025-2026,,
315332,2024-2025,2025-06-30,20240926131118
937941,2024-2025,2029-06-30,20240901061233
937941,2025-2026,,
351955,2024-2025,,
351955,2025-2026,2028-06-30,20260207074939
315853,2024-2025,2028-06-30,20241009030902
315853,2025-2026,2028-06-30,20260108171906
275218,2024-2025,2025-06-30,20241007220928
275218,2025-2026,,
289432,2024-2025,,
55089,2024-2025,2026-06-30,20241113085839
55089,2025-2026,2028-06-30,20250912070235
324278,2024-2025,2028-06-30,20241010032555
324278,2025-2026,2028-06-30,20251208115839
1178721,2024-2025,2028-06-30,20250429225323
273669,2024-2025,2028-06-30,20240924171048
273669,2025-2026,2028-06-30,20251113090331
288255,2024-2025,2028-06-30,20241009123435
288255,2025-2026,,
117432,2024-2025,2025-06-30,20240927211826
964190,2024-2025,,
964190,2025-2026,2029-06-30,20250913095054
982855,2024-2025,2028-06-30,20241008150415
982855,2025-2026,2028-06-30,20251002193351
578392,2024-2025,2029-06-30,20240908105136
578392,2025-2026,2029-06-30,20260122235901
138055,2024-2025,2026-06-30,20250425195049
138055,2025-2026,,
82350,2024-2025,2025-06-30,20241113191644
82350,2025-2026,,
357992,2024-2025,,
357992,2025-2026,2029-06-30,20260110182632
450050,2024-2025,,
450050,2025-2026,2028-06-30,20251120185400
467563,2024-2025,2026-06-30,20241003074702
467563,2025-2026,2026-06-30,20250827104021
191217,2024-2025,2028-06-30,20241009063052
191217,2025-2026,2028-06-30,20251008151116
167727,2024-2025,2026-06-30,20241216070002
167727,2025-2026,2026-06-30,20251102000722
810895,2024-2025,2027-06-30,20241113131816
810895,2025-2026,2030-06-30,20250910075154
243188,2024-2025,,
454386,2024-2025,,
454386,2025-2026,2028-06-30,20250829135408
710679,2024-2025,2027-06-30,20241007232928
710679,2025-2026,,
284732,2024-2025,,
284732,2025-2026,2027-06-30,20260111211413
351816,2024-2025,2027-06-30,20241009123500
245537,2024-2025,2026-06-30,20241008231139
245537,2025-2026,2026-06-30,20251003082612
61812,2024-2025,,
61812,2025-2026,2026-06-30,20251205142454
333014,2024-2025,2029-06-30,20241204175843
333014,2025-2026,,
866246,2024-2025,2029-06-30,20250115084223
866246,2025-2026,2031-06-30,20251117160407
1018920,2024-2025,2026-06-30,20241208033404
1018920,2025-2026,,
466802,2024-2025,2027-06-30,20241109205018
466802,2025-2026,,
126719,2024-2025,2025-06-30,20241113111358
395512,2024-2025,2026-06-30,20241008141722
395512,2025-2026,,20251014141103
633454,2024-2025,,
564529,2024-2025,2028-06-30,20241113235809
204047,2024-2025,,
324819,2024-2025,,
342967,2024-2025,,
342967,2025-2026,2030-06-30,20251002153205
461843,2024-2025,2027-06-30,20241007160213
595809,2024-2025,,
595809,2025-2026,,
371851,2024-2025,,
371851,2025-2026,2030-06-30,20251010165922
649016,2024-2025,,
602124,2024-2025,,
320411,2024-2025,,
822959,2024-2025,2025-06-30,20241211154055
822959,2025-2026,2029-06-30,20260216031424
461019,2024-2025,,
93844,2024-2025,,
93844,2025-2026,2026-06-30,20251123210522
1071956,2024-2025,2027-06-30,20241007113438
1071956,2025-2026,2028-06-30,20251116154618
288225,2024-2025,2027-06-30,20241130143729
288225,2025-2026,,
770438,2024-2025,2026-06-30,20250121022615
406806,2024-2025,,
142310,2024-2025,2026-06-30,20250619114103
1089202,2024-2025,2028-06-30,20240819183002
1089202,2025-2026,2028-06-30,20250820103825
710671,2024-2025,2029-06-30,20241226112637
710671,2025-2026,,
656681,2024-2025,2028-06-30,20241009051649
656681,2025-2026,,
247377,2024-2025,2025-06-30,20241112210104
659516,2024-2025,2029-06-30,20250221084256
659516,2025-2026,2026-06-30,20260301122635
361093,2024-2025,,
361093,2025-2026,2027-06-30,20250912170458
955356,2024-2025,2026-06-30,20240928234954
707242,2024-2025,,
707242,2025-2026,2030-06-30,20260209113415
1097139,2024-2025,2027-06-30,20241008082053
1097139,2025-2026,2027-06-30,20251014033909
560593,2024-2025,,
560593,2025-2026,2027-06-30,20251003134422
783094,2024-2025,2026-06-30,20241208203409
329373,2024-2025,2025-06-30,20241009190335
562049,2024-2025,2025-06-30,20241013071955
1030153,2024-2025,2029-06-30,20250126180104
1030153,2025-2026,,
314875,2024-2025,2030-06-30,20241113061224
314875,2025-2026,2030-06-30,20251009201924
624258,2024-2025,2027-06-30,20241105191945
624258,2025-2026,,
543051,2024-2025,2025-06-30,20241009200654
543051,2025-2026,2026-12-31,20251207152437
488052,2024-2025,,
516716,2024-2025,2029-06-30,20241105191826
516716,2025-2026,,
426192,2024-2025,2028-06-30,20240928101121
459128,2024-2025,2025-06-30,20240817182157
459128,2025-2026,2026-06-30,20260218025847
658115,2024-2025,2029-06-30,20241007154238
658115,2025-2026,,
584254,2024-2025,2027-06-30,20240924155700
412366,2024-2025,,
190338,2024-2025,,
277033,2024-2025,2026-06-30,20250114104549
277033,2025-2026,2029-06-30,20251012155343
406973,2024-2025,,
293281,2024-2025,2025-06-30,20241113032641
293281,2025-2026,2029-06-30,20251226160344
691892,2024-2025,2029-06-30,20241113134208
691892,2025-2026,2030-06-30,20250909120540
438001,2024-2025,2028-06-30,20241113024534
438001,2025-2026,2028-06-30,20251230084718
766723,2024-2025,2026-06-30,20241105191848
766723,2025-2026,,
1120228,2024-2025,,
983989,2024-2025,2025-06-30,20240919000032
983989,2025-2026,2026-06-30,20260217102809
134270,2024-2025,,
134270,2025-2026,2027-06-30,20250910140221
117478,2024-2025,2027-06-30,20240924181656
117478,2025-2026,2027-06-30,20251102111105
1063553,2024-2025,2026-06-30,20241106200232
1063553,2025-2026,,
290537,2024-2025,2028-06-30,20250114111423
290537,2025-2026,2028-06-30,20251007133839
113707,2024-2025,2025-06-30,20241008042251
113707,2025-2026,2027-06-30,20251021125447
469211,2024-2025,,
1188619,2024-2025,,20250529041504
102423,2024-2025,2026-06-30,20240928012911
102423,2025-2026,2026-06-30,20251210142824
453016,2024-2025,2026-06-30,20240928101120
453016,2025-2026,2028-06-30,20251028234614
687626,2024-2025,2031-06-30,20241008013336
687626,2025-2026,2031-06-30,20251104161658
123275,2024-2025,,
123275,2025-2026,2027-06-30,20260124060045
468066,2024-2025,2025-06-30,20240819210449
399383,2024-2025,,
399383,2025-2026,,
262523,2024-2025,2025-06-30,20240926202746
357884,2024-2025,,
357884,2025-2026,,
238266,2024-2025,,
238266,2025-2026,2026-06-30,20251013064117
306024,2024-2025,2025-06-30,20241212140139
306024,2025-2026,2028-06-30,20260112025928
614742,2024-2025,,
126414,2024-2025,2027-06-30,20241008234413
126414,2025-2026,2027-06-30,20251008055410
324795,2024-2025,,
324795,2025-2026,2029-06-30,20250813234406
1058368,2024-2025,2027-06-30,20241009054102
1058368,2025-2026,2026-06-30,20260116010420
120095,2024-2025,,
505674,2024-2025,2027-06-30,20241007180113
505674,2025-2026,,
866579,2024-2025,2028-06-30,20241112225917
866579,2025-2026,2026-06-30,20260118130951
1058369,2024-2025,,20241217122558
119296,2024-2025,2026-06-30,20241008142848
119296,2025-2026,2026-06-30,20251022080033
1056966,2024-2025,2027-06-30,20250602202046
550106,2024-2025,2025-06-30,20240825215208
550106,2025-2026,2027-06-30,20251122193852
520530,2024-2025,2025-06-30,20250122152623
520530,2025-2026,2029-06-30,20251029053806
251845,2024-2025,,
392881,2024-2025,,
1006411,2024-2025,2029-06-30,20240922221417
1006411,2025-2026,,
146752,2024-2025,,
421873,2024-2025,,
421873,2025-2026,,
214532,2024-2025,,
214532,2025-2026,2026-06-30,20251202061000
481834,2024-2025,,
731491,2024-2025,,
731491,2025-2026,2026-06-30,20260112204621
787618,2024-2025,2025-06-30,20240909112125
787618,2025-2026,,
1017912,2024-2025,,
926301,2024-2025,2024-09-30,20241202215927
1411351,2024-2025,,
559263,2024-2025,2029-06-30,20241106125727
559263,2025-2026,2029-06-30,20251116103947
622380,2024-2025,2028-06-30,20240825191632
622380,2025-2026,,
16306,2024-2025,2026-06-30,20241009164454
16306,2025-2026,,
845321,2024-2025,,
581330,2024-2025,,
763182,2024-2025,,
763182,2025-2026,2028-06-30,20251004225650
1048147,2024-2025,,20250218122638
467632,2024-2025,2027-06-30,20241009103341
467632,2025-2026,2027-06-30,20260114193206
262226,2024-2025,,
262226,2025-2026,2027-06-30,20260201050748
182875,2024-2025,,
849520,2024-2025,2028-06-30,20241225191119
849520,2025-2026,2028-06-30,20251228100705
199733,2024-2025,2025-06-30,20241225184956
199733,2025-2026,,
303116,2024-2025,2027-06-30,20240925214317
369267,2024-2025,2025-06-30,20240829224209
743522,2024-2025,,
449796,2024-2025,2028-06-30,20241007144412
449796,2025-2026,,
1280281,2024-2025,2025-06-30,20241208204038
1280281,2025-2026,,
341110,2024-2025,,
346314,2024-2025,2025-05-31,20241007214253
346314,2025-2026,2028-06-30,20260104183105
349503,2024-2025,,
834486,2024-2025,2025-06-30,20240928010124
948537,2024-2025,,20241213212923
875332,2024-2025,,20241113122135
875332,2025-2026,,
1019950,2024-2025,,
521407,2024-2025,,
521407,2025-2026,2026-06-30,20260118175952
607223,2024-2025,2026-06-30,20241210092812
607223,2025-2026,2030-06-30,20250911041618
670688,2024-2025,,
463600,2024-2025,2027-06-30,20241215171700
463600,2025-2026,2030-06-30,20260210173409
986288,2024-2025,,
724104,2024-2025,,
724104,2025-2026,2027-06-30,20251006234602
95736,2024-2025,2025-06-30,20241113175050
341092,2024-2025,2028-06-30,20241008142620
341092,2025-2026,,
316125,2024-2025,,
316125,2025-2026,2027-06-30,20251006121340
401583,2024-2025,,
242273,2024-2025,,
695454,2024-2025,,
624037,2024-2025,,
624037,2025-2026,2029-06-30,20250823145807
341501,2024-2025,2025-06-30,20250128033545
196948,2024-2025,2026-06-30,20241107011351
196948,2025-2026,,
188077,2024-2025,,
188077,2025-2026,2027-06-30,20250821155416
535740,2024-2025,2027-06-30,20241112230036
867137,2024-2025,2029-06-30,20250226073928
867137,2025-2026,2029-06-30,20260113163230
525578,2024-2025,2025-06-30,20241007154257
525578,2025-2026,,
931160,2024-2025,2027-06-30,20250222094311
931160,2025-2026,,
543537,2024-2025,,
255838,2024-2025,,
559794,2024-2025,2029-06-30,20241105191746
1061660,2024-2025,,
353365,2024-2025,,
588426,2024-2025,2028-06-30,20241009185128
588426,2025-2026,,
684315,2024-2025,2028-06-30,20241009074003
684315,2025-2026,2030-06-30,20250909130943
654253,2024-2025,2027-06-30,20241113084009
392959,2024-2025,2025-06-30,20240926095106
340982,2024-2025,2027-06-30,20241007164048
298583,2024-2025,2025-06-30,20240928150939
298583,2025-2026,,
380598,2024-2025,,
380598,2025-2026,,
243714,2024-2025,2027-06-30,20241009150952
746712,2024-2025,2028-06-30,20241009231455
746712,2025-2026,,
307183,2024-2025,2027-06-30,20240917044609
307183,2025-2026,,
520840,2024-2025,,
520840,2025-2026,,
660860,2024-2025,,
660860,2025-2026,2030-06-30,20251009211610
328609,2024-2025,2028-06-30,20240907121315
328609,2025-2026,2026-05-31,20251026151014
234781,2024-2025,2025-06-30,20240924153040
234781,2025-2026,,
877139,2024-2025,2029-06-30,20250117230613
367466,2024-2025,,
367466,2025-2026,2026-06-30,20250908075100
85906,2024-2025,2026-06-30,20250411142121
85906,2025-2026,2026-06-30,20260104040227
719442,2024-2025,,
525155,2024-2025,2027-06-30,20241007224417
525155,2025-2026,2027-06-30,20251210025541
386552,2024-2025,,
386552,2025-2026,2027-06-30,20260128075015
659513,2024-2025,,
659513,2025-2026,2026-06-30,20251007003134
592975,2024-2025,2029-06-30,20250115222616
592975,2025-2026,,
108390,2024-2025,2026-06-30,20240925164149
108390,2025-2026,2027-06-30,20251217231956
1075575,2024-2025,2026-06-30,20241008174235
1075575,2025-2026,,
485965,2024-2025,,
485965,2025-2026,,
92571,2024-2025,2025-06-30,20241101205407
597659,2024-2025,,
597659,2025-2026,2028-06-30,20251010110524
199248,2024-2025,2027-06-30,20241008095148
199248,2025-2026,2027-06-30,20260131225326
962110,2024-2025,2027-06-30,20240919015857
962110,2025-2026,2029-06-30,20251025172208
459463,2024-2025,2025-12-31,20241225130840
459463,2025-2026,2030-06-30,20251027135332
494880,2024-2025,2028-06-30,20240916071748
494880,2025-2026,,
265078,2024-2025,2028-06-30,20240821162442
265078,2025-2026,,
517894,2024-2025,2027-06-30,20241223200138
517894,2025-2026,2030-06-30,20250909143746
55769,2024-2025,2025-06-30,20240925001334
251299,2024-2025,,
251299,2025-2026,,
191422,2024-2025,2026-06-30,20241201205744
191422,2025-2026,2026-06-30,20260116083321
115979,2024-2025,2026-06-30,20250119073917
538964,2024-2025,,
538964,2025-2026,2028-06-30,20251009135033
357147,2024-2025,2028-06-30,20240928100818
357147,2025-2026,2028-06-30,20250909114257
620598,2024-2025,2028-06-30,20241009093023
620598,2025-2026,2028-06-30,20250909113640
322655,2024-2025,2025-06-30,20241010002810
996453,2024-2025,2027-06-30,20240926194343
145707,2024-2025,2025-06-30,20241105191756
939290,2024-2025,,20240826182614
743496,2024-2025,,
743496,2025-2026,2029-06-30,20251004150652
263236,2024-2025,2027-06-30,20241008162740
263236,2025-2026,2030-06-30,20250831180900
16136,2024-2025,,
16136,2025-2026,,
355861,2024-2025,2025-06-30,20241010005157
355861,2025-2026,,
142021,2024-2025,,
142021,2025-2026,,
54906,2024-2025,2026-06-30,20241216030532
54906,2025-2026,2026-06-30,20251123011020
334213,2024-2025,,
686965,2024-2025,2029-06-30,20240904081552
686965,2025-2026,2029-06-30,20251104014802
533738,2024-2025,2025-06-30,20241212023012
533738,2025-2026,,
424204,2024-2025,2025-06-30,20241216220839
424204,2025-2026,,
192765,2024-2025,2025-06-30,20241009054639
192765,2025-2026,,
789252,2024-2025,,
789252,2025-2026,2029-06-30,20260111051406
412660,2024-2025,,
412660,2025-2026,2027-06-30,20260213184235
248732,2024-2025,2025-06-30,20241113055437
255901,2024-2025,2026-06-30,20241007225106
695422,2024-2025,2026-06-30,20241208210623
695422,2025-2026,,
88682,2024-2025,2025-06-30,20241008211342
340177,2024-2025,2025-06-30,20250116175452
340177,2025-2026,2027-06-30,20260226232748
235931,2024-2025,2025-06-30,20241112230231
235931,2025-2026,2029-06-30,20260129224220
353399,2024-2025,2027-06-30,20241008182145
353399,2025-2026,2027-06-30,20251013014546
610849,2024-2025,2029-06-30,20240815145143
610849,2025-2026,,
122797,2024-2025,,
541231,2024-2025,2029-06-30,20241105191903
541231,2025-2026,2029-06-30,20251027130622
282028,2024-2025,,
282028,2025-2026,,
379869,2024-2025,,
169880,2024-2025,2028-06-30,20241008234710
169880,2025-2026,2028-06-30,20260210031523
626913,2024-2025,2026-06-30,20241110073647
626913,2025-2026,2026-06-30,20260216225932
1054839,2024-2025,,
346289,2024-2025,,
346289,2025-2026,,
847279,2024-2025,,
536835,2024-2025,2025-06-30,20241105191755
536835,2025-2026,2030-06-30,20260227122811
1053147,2024-2025,2028-06-30,20241202161057
575319,2024-2025,,
937945,2024-2025,,
937945,2025-2026,,
720162,2024-2025,,
822458,2024-2025,,
822458,2025-2026,2026-06-30,20260106161939
363057,2024-2025,2028-06-30,20241007130911
363057,2025-2026,,
126664,2024-2025,,
126664,2025-2026,2028-06-30,20260101144811
175722,2024-2025,2025-06-30,20241216231103
175722,2025-2026,2028-06-30,20251008073847
1160813,2024-2025,2028-06-30,20250121025714
1390649,2024-2025,,20250330092212
1390649,2025-2026,2030-06-30,20260104110720
702441,2024-2025,,
702441,2025-2026,2027-06-30,20251003213914
126552,2024-2025,2025-06-30,20240918175351
272622,2024-2025,2027-06-30,20241008154308
272622,2025-2026,2027-06-30,20251010153552
569389,2024-2025,,
569389,2025-2026,2027-06-30,20260107220416
711976,2024-2025,,
711976,2025-2026,2030-06-30,20250822221645
1237907,2024-2025,,
1237907,2025-2026,,
287635,2024-2025,2026-06-30,20241007171257
287635,2025-2026,2026-06-30,20251204032622
448632,2024-2025,,
448632,2025-2026,,
165513,2024-2025,,
165513,2025-2026,2026-06-30,20251002173456
401529,2024-2025,,
401529,2025-2026,2027-06-30,20251226194625
486049,2024-2025,2028-06-30,20241010032555
486049,2025-2026,,
636093,2024-2025,,
636093,2025-2026,,
916014,2024-2025,,
961022,2024-2025,2029-06-30,20240917153301
961022,2025-2026,2029-06-30,20250902205238
315858,2024-2025,2026-06-30,20241009174734
315858,2025-2026,,
926952,2024-2025,2029-06-30,20241113013116
926952,2025-2026,2030-06-30,20250909122818
796300,2024-2025,2025-05-31,20250117060919
741258,2024-2025,2027-06-30,20241207040054
711980,2024-2025,,
711980,2025-2026,2029-06-30,20251121184825
786436,2024-2025,,
786436,2025-2026,2028-06-30,20250820223647
924349,2024-2025,2029-06-30,20250601153232
671594,2024-2025,2029-06-30,20241009084542
671594,2025-2026,,
1075574,2024-2025,2026-06-30,20241008053551
914562,2024-2025,2029-06-30,20241008043258
914562,2025-2026,2029-06-30,20251105024030
523318,2024-2025,,
523318,2025-2026,,
568559,2024-2025,2030-06-30,20241009123346
568559,2025-2026,,
94192,2024-2025,2026-06-30,20241009155527
74960,2024-2025,2026-06-30,20250221080548
74960,2025-2026,,
321528,2024-2025,2025-06-30,20241105191802
321528,2025-2026,,
184894,2024-2025,,
148153,2024-2025,,
148153,2025-2026,2026-06-30,20251010010221
535959,2024-2025,2025-05-31,20241009095801
905997,2024-2025,,
905997,2025-2026,,
649317,2024-2025,2030-06-30,20250114194529
573775,2024-2025,,
573775,2025-2026,,
819215,2024-2025,,20240910023631
206050,2024-2025,2025-06-30,20241007171749
206050,2025-2026,2026-06-30,20260301083431
994536,2024-2025,2024-12-31,20241213112525
994536,2025-2026,2026-06-30,20251031234643
309944,2024-2025,,
1078326,2024-2025,,
1078326,2025-2026,2027-06-30,20251016205444
344152,2024-2025,2025-06-30,20241008070433
344152,2025-2026,,
680806,2024-2025,2025-06-30,20240905060116
732165,2024-2025,2028-06-30,20240821223939
251303,2024-2025,,20241009105211
500067,2024-2025,2027-06-30,20241105191759
500067,2025-2026,,
272812,2024-2025,2026-06-30,20240928135505
272812,2025-2026,,
538994,2024-2025,2025-06-30,20241105191859
199953,2024-2025,,
199953,2025-2026,,
423678,2024-2025,2026-06-30,20241008220336
583189,2024-2025,2028-06-30,20240928100310
583189,2025-2026,,20251116094658
566615,2024-2025,,
566615,2025-2026,,
565822,2024-2025,2027-06-30,20241105191903
565822,2025-2026,2027-06-30,20250912192041
229804,2024-2025,,
229804,2025-2026,2026-06-30,20260214151837
192635,2024-2025,,
192635,2025-2026,2027-06-30,20251010014607
288318,2024-2025,2025-06-30,20241007235509
400489,2024-2025,2028-06-30,20241010004740
400489,2025-2026,2026-06-30,20251023123928
237662,2024-2025,2026-06-30,20250123094345
237662,2025-2026,,
476344,2024-2025,2028-06-30,20241112234308
1141628,2024-2025,,
559328,2024-2025,,
559328,2025-2026,2028-06-30,20250912230522
146310,2024-2025,2027-06-30,20241105191902
146310,2025-2026,,
660867,2024-2025,2026-06-30,20241007225454
660867,2025-2026,2029-06-30,20250903125501
971570,2024-2025,2030-06-30,20241223200141
971570,2025-2026,,
405670,2024-2025,,
405670,2025-2026,,
565435,2024-2025,2028-06-30,20241111005311
193859,2024-2025,,
670717,2024-2025,,
670717,2025-2026,2033-06-30,20250909104809
552472,2024-2025,,
552472,2025-2026,,
913539,2024-2025,,
349599,2024-2025,2027-06-30,20241008155358
349599,2025-2026,,
506248,2024-2025,,
506248,2025-2026,2027-06-30,20251021081838
42412,2024-2025,2025-06-30,20240928100206
724520,2024-2025,2029-06-30,20241105191950
724520,2025-2026,2029-06-30,20260102214411
633668,2024-2025,2028-06-30,20240925143054
633668,2025-2026,2028-06-30,20251002182125
749552,2024-2025,2028-06-30,20241113034016
749552,2025-2026,2026-06-30,20251008071158
432090,2024-2025,2028-06-30,20241105191811
432090,2025-2026,,
73926,2024-2025,2025-06-30,20241113002243
238537,2024-2025,,
238537,2025-2026,,
864121,2024-2025,,
466810,2024-2025,,
466810,2025-2026,2026-06-30,20251027000243
782630,2024-2025,,
203496,2024-2025,,
600041,2024-2025,2027-06-30,20241111073846
600041,2025-2026,,
457931,2024-2025,,
457931,2025-2026,,
462250,2024-2025,2025-06-30,20250209205033
648046,2024-2025,2029-06-30,20241223094316
648046,2025-2026,,
806948,2024-2025,,
806948,2025-2026,2029-06-30,20251113122253
240306,2024-2025,2027-06-30,20241007164941
240306,2025-2026,,
428563,2024-2025,,
428563,2025-2026,2028-06-30,20251003152355
692208,2024-2025,2028-06-30,20241007144522
692208,2025-2026,,
724129,2024-2025,2029-06-30,20250114144644
724129,2025-2026,,
290346,2024-2025,2027-06-30,20250115022115
666268,2024-2025,2026-06-30,20241105191818
385817,2024-2025,2025-06-30,20241007152133
125714,2024-2025,,
125714,2025-2026,2028-06-30,20250910065918
130365,2024-2025,2025-06-30,20241222160229
1061283,2024-2025,2029-06-30,20250412061703
406635,2024-2025,2027-06-30,20241226011604
406635,2025-2026,2027-06-30,20260119081203
1160814,2024-2025,,
1160814,2025-2026,2027-06-30,20250819033007
475411,2024-2025,2029-06-30,20241108232426
475411,2025-2026,2029-06-30,20260213114241
418651,2024-2025,,
569598,2024-2025,2028-06-30,20241112230229
569598,2025-2026,2028-06-30,20260111153802
192169,2024-2025,2027-06-30,20240924175736
192169,2025-2026,2027-06-30,20251113002627
377042,2024-2025,2029-06-30,20240925121044
377042,2025-2026,,
357885,2024-2025,2029-06-30,20240928200154
357885,2025-2026,,
742451,2024-2025,2025-06-30,20240921180832
670845,2024-2025,2028-06-30,20241113025444
52570,2024-2025,2025-06-30,20241110201328
632896,2024-2025,2029-06-30,20241008233602
632896,2025-2026,2029-06-30,20251121142507
743597,2024-2025,2028-06-30,20241007183153
239743,2024-2025,2028-06-30,20241111025309
239743,2025-2026,2026-06-30,20251009183803
911424,2024-2025,,
911424,2025-2026,,20250911004342
503871,2024-2025,,
503871,2025-2026,2028-06-30,20251010203909
394300,2024-2025,,
394300,2025-2026,2028-06-30,20260210024235
488785,2024-2025,,
488785,2025-2026,,
156990,2024-2025,,
156990,2025-2026,2028-06-30,20251010015618
711626,2024-2025,,
455181,2024-2025,2028-06-30,20241007162725
455181,2025-2026,,
250013,2024-2025,,
75489,2024-2025,2028-06-30,20240912044208
75489,2025-2026,2026-06-30,20260115195054
489463,2024-2025,2027-05-31,20241112065507
511021,2024-2025,2028-06-30,20240820223709
1073997,2024-2025,,
358008,2024-2025,,
358008,2025-2026,,
311333,2024-2025,2027-06-30,20241111163912
197471,2024-2025,,
193256,2024-2025,2027-06-30,20241108085213
392516,2024-2025,2026-06-30,20241110223128
392516,2025-2026,2026-06-30,20260109082059
533354,2024-2025,,
533354,2025-2026,2028-06-30,20251003045346
261504,2024-2025,2029-06-30,20241109095217
261504,2025-2026,,
257062,2024-2025,2026-06-30,20241007135731
257062,2025-2026,2028-06-30,20251002175325
1063329,2024-2025,,
1063329,2025-2026,,20260213170211
466794,2024-2025,2026-06-30,20241107011243
466794,2025-2026,,
935230,2024-2025,2027-06-30,20240926122600
935230,2025-2026,,
341264,2024-2025,2027-06-30,20241105191815
341264,2025-2026,,
213260,2024-2025,2026-06-30,20241007155802
213260,2025-2026,,
961087,2024-2025,2029-06-30,20250412064955
961087,2025-2026,,
811779,2024-2025,2028-06-30,20240910094923
811779,2025-2026,2032-06-30,20260210141927
197122,2024-2025,2025-06-30,20241008074639
895334,2024-2025,,
509022,2024-2025,2028-06-30,20241105191751
509022,2025-2026,,
646740,2024-2025,,
646740,2025-2026,2030-06-30,20250821154731
182894,2024-2025,,
182894,2025-2026,2026-06-30,20251026233700
59377,2024-2025,2025-06-30,20241010032445
59377,2025-2026,2028-06-30,20251107202314
1074526,2024-2025,2024-08-16,20240907022743
251309,2024-2025,2027-06-30,20241113114636
471890,2024-2025,,20241002205739
295630,2024-2025,2028-06-30,20241113082140
295630,2025-2026,2028-06-30,20260220060550
651269,2024-2025,,20241113043957
618341,2024-2025,2027-06-30,20241109190510
618341,2025-2026,2027-06-30,20251228174954
423744,2024-2025,2029-06-30,20240911125005
423744,2025-2026,2029-06-30,20260211142053
227084,2024-2025,2028-06-30,20241008214925
227084,2025-2026,2028-06-30,20260211174647
798929,2024-2025,,
798929,2025-2026,2029-06-30,20260302235407
552955,2024-2025,2027-06-30,20250120032537
552955,2025-2026,2029-06-30,20260112130150
124502,2024-2025,,
124502,2025-2026,2027-06-30,20251113110248
159471,2024-2025,2026-06-30,20240822013331
159471,2025-2026,2026-06-30,20250910040850
670882,2024-2025,2028-06-30,20250119203438
670882,2025-2026,2032-06-30,20251027190351
343475,2024-2025,,
906160,2024-2025,2027-06-30,20240831192315
906160,2025-2026,2026-06-30,20260205004516
992686,2024-2025,,
992686,2025-2026,2030-06-30,20260212043025
936842,2024-2025,2028-06-30,20241105191757
392770,2024-2025,2025-06-30,20241105191753
392770,2025-2026,2028-06-30,20251101100916
735570,2024-2025,2030-06-30,20250401173205
735570,2025-2026,,
667121,2024-2025,,
667121,2025-2026,,
996897,2024-2025,,20250114182423
996897,2025-2026,,
366930,2024-2025,,
366930,2025-2026,2030-06-30,20260110185603
92947,2024-2025,2025-06-30,20240928203244
531062,2024-2025,,
834752,2024-2025,,
834752,2025-2026,,
710004,2024-2025,2028-06-30,20241007151520
486031,2024-2025,2029-06-30,20241105191907
486031,2025-2026,,
503733,2024-2025,,
503733,2025-2026,2024-10-22,20260204182933
60543,2024-2025,,
60543,2025-2026,2026-06-30,20260124165616
289255,2024-2025,2028-06-30,20241010005657
289255,2025-2026,2028-06-30,20260212055534
153084,2024-2025,2026-06-30,20241009151900
153084,2025-2026,2026-06-30,20260214064607
273132,2024-2025,2025-06-30,20241113002652
273132,2025-2026,2028-06-30,20260113011918
74842,2024-2025,2026-06-30,20250209111153
74842,2025-2026,,
620313,2024-2025,2027-06-30,20241008112100
620313,2025-2026,2026-06-30,20260117082851
418659,2024-2025,,
418659,2025-2026,2029-06-30,20260112021209
346551,2024-2025,,
346551,2025-2026,2028-06-30,20260119000819
126557,2024-2025,2028-06-30,20250409180428
126557,2025-2026,,
557147,2024-2025,2028-06-30,20240928012223
197473,2024-2025,,
197473,2025-2026,2027-06-30,20260114165947
203460,2024-2025,2027-06-30,20241010045957
203460,2025-2026,2026-06-30,20250904153459
532826,2024-2025,2029-06-30,20241229040527
532826,2025-2026,2029-06-30,20260202000310
120205,2024-2025,,20241010032900
120205,2025-2026,2028-06-30,20250914194417
185077,2024-2025,2022-07-07,20241009145729
185077,2025-2026,2025-06-25,20251021120050
193082,2024-2025,2027-06-30,20241109094059
193082,2025-2026,2027-06-30,20251029054248
503866,2024-2025,2029-06-30,20240928010913
503866,2025-2026,2026-06-30,20260127165055
64399,2024-2025,,
256429,2024-2025,2025-06-30,20241007192857
74294,2024-2025,2026-06-30,20241105191750
74294,2025-2026,2026-06-30,20260222163109
362108,2024-2025,2026-06-30,20241008012512
362108,2025-2026,,
391766,2024-2025,,20241007154641
391766,2025-2026,,20251009135402
981977,2024-2025,,
465830,2024-2025,,
465830,2025-2026,2028-06-30,20251123164111
465967,2024-2025,2027-06-30,20241009015825
465967,2025-2026,2027-06-30,20260213063012
485963,2024-2025,2028-06-30,20240928003929
485963,2025-2026,,
126665,2024-2025,2025-06-30,20241010001418
126665,2025-2026,,
270541,2024-2025,2028-06-30,20240911215027
270541,2025-2026,2028-06-30,20260209212954
57071,2024-2025,,
57071,2025-2026,2026-06-30,20251103045224
268670,2024-2025,2025-06-30,20241007193333
268670,2025-2026,,
861410,2024-2025,2029-06-30,20240927224122
861410,2025-2026,,
353826,2024-2025,2025-06-30,20240928001820
93707,2024-2025,,
93707,2025-2026,2021-03-18,20251003045358
53622,2024-2025,2025-06-30,20241105191928
289257,2024-2025,,
289257,2025-2026,2026-06-30,20251230074828
525299,2024-2025,2027-06-30,20241215183215
525299,2025-2026,2030-06-30,20251023193841
475959,2024-2025,2028-06-30,20241008214253
475959,2025-2026,2028-06-30,20251115082022
241076,2024-2025,2025-06-30,20240925191518
418560,2024-2025,2027-06-30,20241224202635
418560,2025-2026,2034-06-30,20260118012447
192638,2024-2025,,
284010,2024-2025,,
284010,2025-2026,2029-06-30,20251106114247
936684,2024-2025,2027-06-30,20240918132234
177779,2024-2025,2025-06-30,20240928145438
177779,2025-2026,2027-06-30,20260216232613
402008,2024-2025,,
402008,2025-2026,2026-06-30,20250909103704
170929,2024-2025,2025-06-30,20240831170919
181375,2024-2025,2025-06-30,20241113063246
111811,2024-2025,,
111811,2025-2026,2026-06-30,20251117223726
606119,2024-2025,,20250122011017
417346,2024-2025,,
417346,2025-2026,2028-06-30,20251029135346
416386,2024-2025,,
416386,2025-2026,2028-06-30,20260111131741
275303,2024-2025,2026-06-30,20240922050800
275303,2025-2026,2026-06-30,20260112052539
503977,2024-2025,,
328770,2024-2025,2024-12-31,20241008013422
328770,2025-2026,2026-06-30,20251016203010
309400,2024-2025,2028-06-30,20241225035208
309400,2025-2026,2028-06-30,20260211112548
1078163,2024-2025,2025-06-30,20250121115301
1078163,2025-2026,,
292246,2024-2025,,
292246,2025-2026,,
258919,2024-2025,2028-06-30,20241007163104
258919,2025-2026,2028-06-30,20260116185900
576314,2024-2025,,
576314,2025-2026,,
436064,2024-2025,2028-06-30,20241113090554
436064,2025-2026,,
193867,2024-2025,,
810108,2024-2025,,
204072,2024-2025,,
202591,2024-2025,,
202591,2025-2026,2028-06-30,20251102085021
82503,2024-2025,2025-06-30,20241007191351
422466,2024-2025,,
339808,2024-2025,2026-06-30,20241216023715
281963,2024-2025,2028-06-30,20241225202946
281963,2025-2026,2028-06-30,20250910213742
378293,2024-2025,2027-06-30,20241008105415
378293,2025-2026,,
822331,2024-2025,2027-06-30,20240928011246
822331,2025-2026,2027-06-30,20251203153349
91845,2024-2025,2025-06-30,20241215230826
659813,2024-2025,2027-06-30,20240909105349
659813,2025-2026,2029-06-30,20250826100706
611793,2024-2025,,
611793,2025-2026,,
1204959,2024-2025,2026-06-30,20250601080352
867688,2024-2025,2028-06-30,20240923231129
867688,2025-2026,2028-06-30,20251202201421
552057,2024-2025,2029-06-30,20240926084210
552057,2025-2026,2029-06-30,20250829210207
420808,2024-2025,,
55099,2024-2025,2022-11-24,20241010020503
55099,2025-2026,,
485583,2024-2025,,
485583,2025-2026,2026-06-30,20251120204655
7161,2024-2025,,
7161,2025-2026,,
119037,2024-2025,,
248999,2024-2025,,
248999,2025-2026,,
496745,2024-2025,,
496745,2025-2026,2028-06-30,20260202005536
453870,2024-2025,,
453870,2025-2026,2029-06-30,20251023085609
229006,2024-2025,,
229006,2025-2026,,
357770,2024-2025,,
1067168,2024-2025,,20240924023238
1067168,2025-2026,2025-07-08,20251025220025
825437,2024-2025,,
890290,2024-2025,2030-06-30,20241105191755
890290,2025-2026,,
39728,2024-2025,2025-06-30,20241010003420
200056,2024-2025,2026-06-30,20250120194551
200056,2025-2026,,
562948,2024-2025,,
562948,2025-2026,,
741238,2024-2025,,
741238,2025-2026,2030-06-30,20251003075834
610442,2024-2025,,
610442,2025-2026,2026-06-30,20260210181345
846310,2024-2025,2029-06-30,20240821100225
846310,2025-2026,2029-06-30,20250909123658
1237306,2024-2025,,20241219201428
744728,2024-2025,,
744728,2025-2026,2026-06-30,20260114015559
743387,2024-2025,2028-06-30,20241105192041
743387,2025-2026,2030-06-30,20251025164339
785353,2024-2025,2025-06-30,20241008003927
785353,2025-2026,,
546926,2024-2025,2027-06-30,20241008191337
546926,2025-2026,,
380350,2024-2025,,
380350,2025-2026,2026-06-30,20250901215306
324690,2024-2025,2025-06-30,20250131152254
324690,2025-2026,,
295330,2024-2025,2026-06-30,20240822134935
812654,2024-2025,2025-06-30,20250124165108
583699,2024-2025,,
583699,2025-2026,2027-06-30,20251010162222
696589,2024-2025,,
696589,2025-2026,,
192557,2024-2025,2024-08-24,20241008105956
192557,2025-2026,2024-08-24,20251202011017
430310,2024-2025,2026-06-30,20250123232857
430310,2025-2026,,
767229,2024-2025,,
706024,2024-2025,,
348791,2024-2025,2026-06-30,20250115084907
32113,2024-2025,2026-06-30,20241113040051
242631,2024-2025,2028-06-30,20241110062144
242631,2025-2026,2028-06-30,20251203034146
1004723,2024-2025,,
1004301,2024-2025,2025-06-30,20241117200716
1004301,2025-2026,,
776890,2024-2025,2033-06-30,20240928020922
776890,2025-2026,2026-06-30,20260211230420
610335,2024-2025,,
314398,2024-2025,2026-06-30,20241215185021
314398,2025-2026,2026-06-30,20250911130006
374954,2024-2025,2028-06-30,20241007153120
374954,2025-2026,2028-06-30,20251009201321
493513,2024-2025,2025-06-30,20240928011245
493513,2025-2026,,
667517,2024-2025,,
375137,2024-2025,2025-06-30,20241113144141
270171,2024-2025,2026-06-30,20240928035140
270171,2025-2026,2026-06-30,20251009073539
177847,2024-2025,2025-06-30,20241010080244
177847,2025-2026,2026-06-30,20260109085309
877672,2024-2025,2025-06-30,20250225212851
938729,2024-2025,2027-06-30,20250219174311
938729,2025-2026,2031-06-30,20251024015725
746740,2024-2025,,
363205,2024-2025,2027-06-30,20240914023715
363205,2025-2026,2027-06-30,20250909133241
841121,2024-2025,,
709767,2024-2025,,
333241,2024-2025,,
333241,2025-2026,2028-06-30,20260213174151
225043,2024-2025,2026-06-30,20240925122132
628498,2024-2025,2029-06-30,20241114180903
628498,2025-2026,,
470607,2024-2025,2028-06-30,20241110200935
470607,2025-2026,2028-06-30,20251118223933
468002,2024-2025,2028-06-30,20240927234256
112822,2024-2025,2026-06-30,20241008180429
112822,2025-2026,2026-06-30,20251023092921
806168,2024-2025,2026-06-30,20241007122800
433188,2024-2025,2027-06-30,20241105191905
433188,2025-2026,2027-06-30,20251117143921
110864,2024-2025,2028-06-30,20241121065656
110864,2025-2026,,
263727,2024-2025,2025-06-30,20240919092217
263727,2025-2026,,
102017,2024-2025,2025-06-30,20241009141355
326330,2024-2025,2026-06-30,20241223201654
326330,2025-2026,2029-06-30,20260108024929
131758,2024-2025,2025-06-30,20241113170154
329812,2024-2025,2030-06-30,20250421105603
1028162,2024-2025,2025-06-30,20241119104509
340950,2024-2025,2027-06-30,20241105191922
257462,2024-2025,2025-06-30,20240928000005
362977,2024-2025,2027-06-30,20241007170300
362977,2025-2026,2025-08-22,20251010062053
911328,2024-2025,,
911328,2025-2026,2027-06-30,20260113074124
143798,2024-2025,2025-06-30,20241227062926
384060,2024-2025,,
369316,2024-2025,,
369316,2025-2026,2028-06-30,20260207150429
81512,2024-2025,2025-06-30,20241009001859
81512,2025-2026,,
585959,2024-2025,,
585959,2025-2026,2026-06-30,20260108194527
356141,2024-2025,2026-06-30,20241008182932
356141,2025-2026,,
585949,2024-2025,2025-06-30,20241105191753
585949,2025-2026,,
394327,2024-2025,,
394327,2025-2026,2030-06-30,20260219103430
794758,2024-2025,2026-06-30,20241113030404
794758,2025-2026,2026-06-30,20251010033840
242632,2024-2025,,
242632,2025-2026,,
290017,2024-2025,2026-06-30,20240823105108
290017,2025-2026,2026-06-30,20251007130611
780630,2024-2025,2029-06-30,20240814215740
780630,2025-2026,2029-06-30,20251003080438
1275040,2024-2025,2027-06-30,20250419123023
1275040,2025-2026,,
53418,2024-2025,,
53418,2025-2026,2026-06-30,20251104001614
407098,2024-2025,2027-06-30,20241010002728
407098,2025-2026,2026-06-30,20251204004123
132098,2024-2025,2027-06-30,20241010074412
132098,2025-2026,2027-06-30,20260118164407
557149,2024-2025,2028-06-30,20241008233340
557149,2025-2026,2028-06-30,20260119074720
891379,2024-2025,2027-06-30,20240921191334
367992,2024-2025,2025-06-30,20250216033511
222855,2024-2025,2026-06-30,20241112092813
222855,2025-2026,,
1083164,2024-2025,2025-06-30,20250120052148
545332,2024-2025,2028-06-30,20240821001224
545332,2025-2026,,
298635,2024-2025,,
298635,2025-2026,,
823486,2024-2025,2028-06-30,20240821001319
823486,2025-2026,2030-06-30,20251023102721
118534,2024-2025,2025-06-30,20241204143606
118534,2025-2026,,
228948,2024-2025,2028-06-30,20241114112130
228948,2025-2026,2028-06-30,20250910210023
949489,2024-2025,2025-06-30,20241127211909
364135,2024-2025,2029-06-30,20240820220324
364135,2025-2026,,
707844,2024-2025,2029-06-30,20241105191754
707844,2025-2026,,
342039,2024-2025,,
342039,2025-2026,2028-06-30,20251218223336
340918,2024-2025,2026-06-30,20241105191916
340918,2025-2026,,
485747,2024-2025,,
485747,2025-2026,2028-06-30,20251118002259
281404,2024-2025,,
730861,2024-2025,2028-06-30,20250114230256
730861,2025-2026,,20250817052337
809498,2024-2025,,
809498,2025-2026,,
763079,2024-2025,2027-06-30,20250114235120
763079,2025-2026,,
836441,2024-2025,,
836441,2025-2026,2027-06-30,20260122154838
93936,2024-2025,,
93936,2025-2026,2027-06-30,20251224181331
525247,2024-2025,2031-06-30,20241105191757
525247,2025-2026,,
161056,2024-2025,2025-06-30,20241009055936
161056,2025-2026,2029-06-30,20260211192240
282041,2024-2025,2026-06-30,20241114165353
91059,2024-2025,2025-06-30,20240928100151
215810,2024-2025,,
364827,2024-2025,,
425918,2024-2025,2028-06-30,20240928205546
193033,2024-2025,2028-06-30,20240924160633
193033,2025-2026,2028-06-30,20250914203427
725912,2024-2025,2026-12-31,20240927084220
725912,2025-2026,,
215599,2024-2025,,
215599,2025-2026,2028-06-30,20250909102520
330659,2024-2025,,
330659,2025-2026,2028-06-30,20260130224308
651735,2024-2025,,20241113024818
429874,2024-2025,,
429874,2025-2026,2023-06-30,20250912145833
257814,2024-2025,2028-06-30,20241109033802
257814,2025-2026,2028-06-30,20260215150853
488784,2024-2025,,
328784,2024-2025,2027-06-30,20241009151203
328784,2025-2026,2030-06-30,20250909132852
391780,2024-2025,,
391780,2025-2026,2029-06-30,20260217144721
74229,2024-2025,,
74229,2025-2026,2026-06-30,20260203232945
94005,2024-2025,2025-06-30,20240914212014
94005,2025-2026,2026-06-30,20251002184942
487969,2024-2025,2028-06-30,20241224142756
487969,2025-2026,,
777005,2024-2025,2027-06-30,20241203183058
777005,2025-2026,,
335631,2024-2025,,
936745,2024-2025,,
127189,2024-2025,2027-06-30,20240925024009
127189,2025-2026,2027-06-30,20260202223845
624690,2024-2025,2026-06-30,20240827191459
624690,2025-2026,2029-06-30,20251003044138
360518,2024-2025,2029-06-30,20241113001405
360518,2025-2026,,
413403,2024-2025,,
413403,2025-2026,,
1058515,2024-2025,,
337725,2024-2025,,
337725,2025-2026,2027-06-30,20251008141805
515624,2024-2025,2026-06-30,20250124174222
669380,2024-2025,2029-06-30,20241113214736
669380,2025-2026,2029-06-30,20251010074305
51471,2024-2025,2027-06-30,20240927234314
51471,2025-2026,2027-06-30,20251031190538
203842,2024-2025,,20241105191803
550829,2024-2025,2027-06-30,20250114105807
1047261,2024-2025,,20241112070819
184528,2024-2025,,
184528,2025-2026,2026-06-30,20250909200909
46580,2024-2025,2025-06-30,20240924181752
46580,2025-2026,2026-06-30,20260212162610
1169436,2024-2025,2029-06-30,20250519122022
1169436,2025-2026,,
604320,2024-2025,,
345911,2024-2025,2029-06-30,20241223045909
345911,2025-2026,,
698259,2024-2025,,
698259,2025-2026,2028-06-30,20251010111857
434433,2024-2025,2027-06-30,20241216225940
434433,2025-2026,,20250820210025
369684,2024-2025,,
369684,2025-2026,,
405398,2024-2025,,
405398,2025-2026,2029-06-30,20251117041939
93604,2024-2025,,
93604,2025-2026,2024-11-26,20251004085732
431755,2024-2025,2028-06-30,20241111080913
951579,2024-2025,,
951579,2025-2026,2026-06-30,20250828193822
543499,2024-2025,,
543499,2025-2026,,
1069512,2024-2025,,
1069512,2025-2026,2026-06-30,20250909115311
279570,2024-2025,2025-06-30,20241113055314
502670,2024-2025,2029-06-30,20250120214121
502670,2025-2026,2029-06-30,20260225180158
371371,2024-2025,2025-06-30,20241113024552
371371,2025-2026,2026-06-30,20251202112413
311178,2024-2025,,
315762,2024-2025,,
316575,2024-2025,2025-06-30,20250113115652
917778,2024-2025,2028-06-30,20241216175351
917778,2025-2026,,
1035659,2024-2025,,20241223115511
181378,2024-2025,,
223967,2024-2025,2027-06-30,20241211014258
223967,2025-2026,,
43530,2024-2025,2025-06-30,20240925160154
594991,2024-2025,,
879768,2024-2025,2029-06-30,20241008123152
130394,2024-2025,2026-06-30,20250131200702
931838,2024-2025,2028-06-30,20241002204420
931838,2025-2026,2029-06-30,20260118165026
357047,2024-2025,2026-06-30,20241010003823
623521,2024-2025,,
628451,2024-2025,,
628451,2025-2026,2030-06-30,20250909110518
70411,2024-2025,2025-06-30,20241113001507
331401,2024-2025,2027-06-30,20241109193823
331401,2025-2026,2027-06-30,20251003165208
186368,2024-2025,2027-06-30,20241130155831
186368,2025-2026,,
794349,2024-2025,2027-06-30,20241009205117
794349,2025-2026,,
633992,2024-2025,,
633992,2025-2026,,
351809,2024-2025,2029-06-30,20241109015645
351809,2025-2026,,
136111,2024-2025,,
136111,2025-2026,2026-06-30,20251029013448
737781,2024-2025,2029-06-30,20241101234044
357164,2024-2025,2028-06-30,20241111104354
357164,2025-2026,,
377393,2024-2025,2027-06-30,20241008002418
377393,2025-2026,2027-06-30,20260103235140
192492,2024-2025,2026-06-30,20241008223700
192492,2025-2026,2026-06-30,20251203034229
797572,2024-2025,2027-06-30,20241105192231
334207,2024-2025,2026-06-30,20240928002946
334207,2025-2026,2026-06-30,20251023101119
255501,2024-2025,2025-06-30,20250119084211
255501,2025-2026,,
459945,2024-2025,,
205562,2024-2025,2027-06-30,20240928084645
205562,2025-2026,,
659518,2024-2025,2029-06-30,20240814104553
659518,2025-2026,,
170934,2024-2025,,
72476,2024-2025,2027-06-30,20241008153729
72476,2025-2026,2027-06-30,20251026152718
182904,2024-2025,2025-06-30,20241220020646
182904,2025-2026,,
1086619,2024-2025,2027-06-30,20241110191754
461607,2024-2025,2027-06-30,20241113191939
461607,2025-2026,2029-06-30,20251004203246
585973,2024-2025,,
585973,2025-2026,,
170911,2024-2025,2025-06-30,20241007152813
170911,2025-2026,2027-06-30,20251006083708
1119456,2024-2025,2028-06-30,20241215012709
1119456,2025-2026,,
262980,2024-2025,2026-06-30,20241008005020
38253,2024-2025,2026-06-30,20250212142546
38253,2025-2026,2026-06-30,20251030132037
701057,2024-2025,2028-06-30,20241107081503
701057,2025-2026,2030-06-30,20251227145806
518505,2024-2025,,
644401,2024-2025,,
644401,2025-2026,,
890721,2024-2025,2023-10-05,20241116210811
890721,2025-2026,,
522681,2024-2025,,
988964,2024-2025,2026-06-30,20241208093441
225657,2024-2025,2023-06-01,20241009123237
225657,2025-2026,2023-06-01,20251002164058
326031,2024-2025,2029-06-30,20241002204741
326031,2025-2026,,
184573,2024-2025,2025-06-30,20241009202033
184573,2025-2026,2027-06-30,20260209141004
1193867,2024-2025,2029-06-30,20240825130826
1193867,2025-2026,,
513245,2024-2025,2025-06-30,20241009083811
513245,2025-2026,,
694928,2024-2025,2027-06-30,20241215000223
298975,2024-2025,,
298975,2025-2026,2026-06-30,20260115061704
503981,2024-2025,,
503981,2025-2026,2028-06-30,20250909232843
282411,2024-2025,2027-06-30,20241009114234
282411,2025-2026,2027-06-30,20260116172557
246291,2024-2025,2028-06-30,20241009064511
246291,2025-2026,2028-06-30,20260214035656
249636,2024-2025,,
249636,2025-2026,,
192735,2024-2025,,
192735,2025-2026,2027-06-30,20251022221449
348795,2024-2025,2028-06-30,20241003083127
348795,2025-2026,2028-06-30,20251008134909
265088,2024-2025,2028-06-30,20241105191752
265088,2025-2026,,
202886,2024-2025,2027-06-30,20241112224946
202886,2025-2026,2027-06-30,20260219161259
805908,2024-2025,2027-06-30,20241008040001
805908,2025-2026,,
770407,2024-2025,2027-06-30,20250609185258
581781,2024-2025,,
60561,2024-2025,,
60561,2025-2026,2026-06-30,20250909130332
406040,2024-2025,2026-06-30,20241223044034
406040,2025-2026,,
1064471,2024-2025,,
1064471,2025-2026,,
947431,2024-2025,,
947431,2025-2026,,
636703,2024-2025,2029-06-30,20241226000516
636703,2025-2026,,
568158,2024-2025,,
568158,2025-2026,,
192009,2024-2025,2026-06-30,20241007172702
192009,2025-2026,,
569866,2024-2025,2027-06-30,20241008221626
111266,2024-2025,,
313094,2024-2025,2027-06-30,20240902223504
632741,2024-2025,,
632741,2025-2026,,
268429,2024-2025,,
268429,2025-2026,2027-06-30,20251011144920
750904,2024-2025,,
750904,2025-2026,2027-06-30,20260116023010
412045,2024-2025,2027-06-30,20240929022051
412045,2025-2026,2027-06-30,20251021085444
413565,2024-2025,2026-06-30,20250112030247
413565,2025-2026,2027-06-30,20251101152621
572265,2024-2025,2028-06-30,20240815170858
572265,2025-2026,,
125020,2024-2025,2025-06-30,20241111102157
447661,2024-2025,2029-06-30,20241002204719
447661,2025-2026,2026-06-30,20260217221244
618472,2024-2025,2028-06-30,20240924194352
618472,2025-2026,2029-06-30,20251117221200
303259,2024-2025,2028-06-30,20241105191734
303259,2025-2026,,
627356,2024-2025,,
845872,2024-2025,,
336367,2024-2025,,
404839,2024-2025,2030-06-30,20240928075355
404839,2025-2026,2030-06-30,20251002194612
181687,2024-2025,2025-06-30,20241008235437
666547,2024-2025,2028-06-30,20250124042947
666547,2025-2026,,
338668,2024-2025,,
338668,2025-2026,2025-07-18,20251123213701
1081219,2024-2025,2027-06-30,20241209103021
661212,2024-2025,,
661212,2025-2026,2029-06-30,20251115200908
485585,2024-2025,2030-06-30,20241008091842
485585,2025-2026,2030-06-30,20260108003322
332560,2024-2025,,
332560,2025-2026,2028-06-30,20251217133437
1096744,2024-2025,2025-06-30,20250607130946
1096744,2025-2026,,
550580,2024-2025,2027-06-30,20240926145254
550580,2025-2026,,
211251,2024-2025,2026-06-30,20241007192152
534033,2024-2025,2028-06-30,20241213123849
534033,2025-2026,2028-06-30,20251208085527
580747,2024-2025,,
412934,2024-2025,2026-06-30,20241007115210
503987,2024-2025,2030-06-30,20240927195902
503987,2025-2026,,
435338,2024-2025,,
435338,2025-2026,,
745181,2024-2025,2029-06-30,20241204193619
745181,2025-2026,,
251876,2024-2025,,
251876,2025-2026,,
470596,2024-2025,2027-06-30,20250427001157
474662,2024-2025,2027-06-30,20241008023833
474662,2025-2026,2027-06-30,20251231062727
807689,2024-2025,,
807689,2025-2026,2026-06-30,20251016210907
177907,2024-2025,2025-06-30,20241105191739
177907,2025-2026,,
625655,2024-2025,,
310458,2024-2025,2028-06-30,20250128182543
296397,2024-2025,,
296397,2025-2026,,
182906,2024-2025,2026-06-30,20241112134602
182906,2025-2026,2026-06-30,20260116194253
820374,2024-2025,,
820374,2025-2026,,
285845,2024-2025,,
285845,2025-2026,2027-06-30,20251002220505
387106,2024-2025,2028-06-30,20241009183014
387106,2025-2026,2028-06-30,20260129033600
346546,2024-2025,2028-06-30,20241112061109
346546,2025-2026,,
460651,2024-2025,2026-06-30,20241112224706
124715,2024-2025,,
1031774,2024-2025,2027-06-30,20241219181048
830108,2024-2025,,20241008224855
830108,2025-2026,,20251123210649
339340,2024-2025,,
339340,2025-2026,2026-06-30,20250910012346
539134,2024-2025,,
539134,2025-2026,2029-06-30,20260105224801
326029,2024-2025,2026-06-30,20241220200038
326029,2025-2026,,20260113001532
207877,2024-2025,2027-06-30,20240928095843
207877,2025-2026,,
974996,2024-2025,2027-06-30,20241008214341
392710,2024-2025,2028-06-30,20250121174052
392710,2025-2026,,
502676,2024-2025,2025-06-30,20240925030305
502676,2025-2026,,
256448,2024-2025,,
256448,2025-2026,2027-06-30,20260228051905
397486,2024-2025,2027-06-30,20241009121228
23951,2024-2025,,
289592,2024-2025,,
289592,2025-2026,2026-06-30,20251018054900
1230661,2024-2025,,20250531120118
1230661,2025-2026,,
162029,2024-2025,,
262300,2024-2025,,
936755,2024-2025,,
927353,2024-2025,,
927353,2025-2026,2030-06-30,20260116165535
818448,2024-2025,2029-06-30,20241110183158
818448,2025-2026,,
557612,2024-2025,,
557612,2025-2026,2026-06-30,20251004202508
209212,2024-2025,,
209212,2025-2026,2026-06-30,20260217083523
96718,2024-2025,,
634105,2024-2025,,
555106,2024-2025,2028-06-30,20241007191000
250845,2024-2025,2028-06-30,20241008012036
250845,2025-2026,2028-06-30,20260130154101
210178,2024-2025,2027-06-30,20250128193049
210178,2025-2026,,
215649,2024-2025,,
814446,2024-2025,,20250121030657
814446,2025-2026,2030-06-30,20260103005243
962145,2024-2025,,
962145,2025-2026,,
907813,2024-2025,,
907813,2025-2026,,
295183,2024-2025,2025-06-30,20241007161646
249730,2024-2025,2026-06-30,20240918233203
249730,2025-2026,,
617060,2024-2025,,
445939,2024-2025,2027-06-30,20241105191837
445939,2025-2026,,
662261,2024-2025,2029-06-30,20241105192209
662261,2025-2026,,
710484,2024-2025,,
1132634,2024-2025,,
181767,2024-2025,2028-06-30,20241224133205
181767,2025-2026,,
251878,2024-2025,,
251878,2025-2026,,
1018938,2024-2025,,
1018938,2025-2026,,
826224,2024-2025,,
826224,2025-2026,,
111873,2024-2025,2029-06-30,20241204131415
111873,2025-2026,,
158863,2024-2025,2025-06-30,20241107193651
948273,2024-2025,,
948273,2025-2026,,
388516,2024-2025,,
388516,2025-2026,,
480762,2024-2025,2027-06-30,20241110214342
480762,2025-2026,2027-06-30,20250909105931
406625,2024-2025,2029-06-30,20241008074011
406625,2025-2026,,
373373,2024-2025,2028-06-30,20241008130604
882710,2024-2025,,
882710,2025-2026,2027-06-30,20251003111800
724069,2024-2025,2027-06-30,20250531135520
711394,2024-2025,2025-06-30,20250426013221
302371,2024-2025,2028-06-30,20240907044909
302371,2025-2026,2028-06-30,20251123045251
239802,2024-2025,2025-06-30,20241109215843
239802,2025-2026,2026-06-30,20251002225102
142031,2024-2025,2026-06-30,20240814080356
142031,2025-2026,2026-06-30,20251202142129
286949,2024-2025,2026-06-30,20240928100158
286949,2025-2026,2026-06-30,20260130215033
459665,2024-2025,,
459665,2025-2026,2028-06-30,20251109062838
329517,2024-2025,2027-06-30,20241114055506
343959,2024-2025,,
187718,2024-2025,,
187718,2025-2026,2024-06-30,20251002175157
420002,2024-2025,2026-06-30,20241007170504
420002,2025-2026,2027-06-30,20251116134454
315145,2024-2025,,
227511,2024-2025,2026-06-30,20241111183330
1241211,2024-2025,,
1241211,2025-2026,2028-06-30,20251003225632
415912,2024-2025,2028-06-30,20241113210425
415912,2025-2026,2028-06-30,20260114112317
298976,2024-2025,,
298976,2025-2026,,
903693,2024-2025,2027-06-30,20241008134126
903693,2025-2026,,
340456,2024-2025,,
340456,2025-2026,2028-06-30,20251119121552
815567,2024-2025,2027-06-30,20250409171648
1005240,2024-2025,,
1005240,2025-2026,,
226025,2024-2025,,
226025,2025-2026,2026-06-30,20260115010605
250153,2024-2025,,
250153,2025-2026,2027-06-30,20260128145043
654991,2024-2025,2026-06-30,20240829050745
654991,2025-2026,,
903666,2024-2025,2027-06-30,20241105191736
903666,2025-2026,,
342229,2024-2025,2029-06-30,20241002204608
342229,2025-2026,2029-06-30,20260118012449
1185888,2024-2025,2026-06-30,20240816221226
1185888,2025-2026,,
413039,2024-2025,2026-06-30,20240818142113
413039,2025-2026,,
621193,2024-2025,,
429259,2024-2025,2027-06-30,20240910104744
429259,2025-2026,,
807165,2024-2025,,
807165,2025-2026,2026-06-30,20251124070242
954104,2024-2025,2028-06-30,20241006081057
682588,2024-2025,,
425400,2024-2025,,
315862,2024-2025,2027-06-30,20250124125526
1141560,2024-2025,,
616341,2024-2025,2026-06-30,20241009075409
616341,2025-2026,2029-06-30,20250821224935
309110,2024-2025,2028-06-30,20241227024302
309110,2025-2026,,
891998,2024-2025,,
891998,2025-2026,2028-06-30,20251004175139
362842,2024-2025,2026-06-30,20241105191850
291417,2024-2025,2025-06-30,20240928004214
291417,2025-2026,,
1034853,2024-2025,2027-06-30,20240819041715
1034853,2025-2026,,
397171,2024-2025,2026-06-30,20241004121552
397171,2025-2026,,
338424,2024-2025,2028-06-30,20241105191810
338424,2025-2026,2028-06-30,20260115055838
658269,2024-2025,2025-06-30,20250114234448
240414,2024-2025,2025-06-30,20241008212801
240414,2025-2026,,
883865,2024-2025,2026-06-30,20250409173700
883865,2025-2026,,
480883,2024-2025,,
281989,2024-2025,2027-06-30,20241202041410
281989,2025-2026,,
569366,2024-2025,2028-06-30,20241216174402
3333,2024-2025,2025-06-30,20240925155830
3333,2025-2026,2026-06-30,20260128123537
289446,2024-2025,,
289446,2025-2026,,
165793,2024-2025,2027-06-30,20250304163000
165793,2025-2026,,
503482,2024-2025,2028-06-30,20241225114513
503482,2025-2026,2028-06-30,20260214193542
982393,2024-2025,2027-06-30,20241219192910
253677,2024-2025,2026-06-30,20241008130341
253677,2025-2026,2027-06-30,20250820055616
331505,2024-2025,2026-06-30,20241109075711
331505,2025-2026,2026-06-30,20251104022447
1012534,2024-2025,2029-06-30,20241113004813
1012534,2025-2026,2029-06-30,20260207103903
476219,2024-2025,2028-06-30,20241008120156
476219,2025-2026,,
1108203,2024-2025,2027-06-30,20241225182150
361254,2024-2025,2025-06-30,20240821201422
361254,2025-2026,,
341227,2024-2025,,
341227,2025-2026,2027-06-30,20250913214007
571607,2024-2025,2025-06-30,20241105191906
571607,2025-2026,,
730893,2024-2025,2025-06-30,20241105191752
730893,2025-2026,,
504849,2024-2025,,
504849,2025-2026,2027-06-30,20260113211546
282660,2024-2025,2028-06-30,20240831210311
282660,2025-2026,2028-06-30,20250913230654
295060,2024-2025,2028-06-30,20240921025341
384461,2024-2025,2028-06-30,20250120172403
424042,2024-2025,2027-06-30,20241003232054
424042,2025-2026,2027-06-30,20260206091509
552425,2024-2025,2031-06-30,20241007171101
552425,2025-2026,,
1245948,2024-2025,,20250113183233
402733,2024-2025,2026-06-30,20241105191742
241923,2024-2025,,
241923,2025-2026,2028-06-30,20250828175615
673492,2024-2025,2029-06-30,20240927215613
673492,2025-2026,2029-06-30,20251008082757
128223,2024-2025,2028-06-30,20241008081533
128223,2025-2026,2026-06-30,20260204175448
655006,2024-2025,2029-06-30,20240930132638
655006,2025-2026,2029-06-30,20251121170406
193098,2024-2025,,
193098,2025-2026,2027-06-30,20250822224513
207917,2024-2025,2025-06-30,20241008050656
207917,2025-2026,2026-06-30,20251204030543
1144700,2024-2025,2029-06-30,20241121131028
1144700,2025-2026,,
709971,2024-2025,2027-06-30,20250531230435
177467,2024-2025,2027-06-30,20241010015459
177467,2025-2026,2027-06-30,20251219032122
339816,2024-2025,,
339816,2025-2026,,
388513,2024-2025,,
388513,2025-2026,2027-06-30,20260202180444
335225,2024-2025,,
335225,2025-2026,,
617074,2024-2025,,
617074,2025-2026,2029-06-30,20251017030243
624942,2024-2025,2028-06-30,20240928045300
624942,2025-2026,2030-06-30,20251212041101
316934,2024-2025,2027-06-30,20241008222023
316934,2025-2026,2027-06-30,20251002160704
970364,2024-2025,,
484992,2024-2025,,
346483,2024-2025,2028-06-30,20241009234617
346483,2025-2026,,
537860,2024-2025,2031-06-30,20241219111738
118161,2024-2025,,
58358,2024-2025,2025-06-30,20241226033603
284769,2024-2025,,
735571,2024-2025,2026-06-30,20241007210322
735571,2025-2026,2026-06-30,20251205145831
517842,2024-2025,2027-06-30,20241010054559
517842,2025-2026,2027-06-30,20260214021730
451801,2024-2025,2026-06-30,20241007133911
451801,2025-2026,,
243760,2024-2025,2026-06-30,20241007223334
710677,2024-2025,,
710677,2025-2026,,
935231,2024-2025,,
935231,2025-2026,,
371021,2024-2025,2028-06-30,20241110012047
371021,2025-2026,,
1005649,2024-2025,2029-06-30,20250121210819
1005649,2025-2026,,
256267,2024-2025,,
256267,2025-2026,,
493003,2024-2025,2027-06-30,20241008033200
493003,2025-2026,2028-06-30,20251217144127
199527,2024-2025,,
199527,2025-2026,2027-06-30,20250912154544
503991,2024-2025,2028-06-30,20241112230133
503991,2025-2026,2026-06-30,20260218155117
894324,2024-2025,,
1011200,2024-2025,,
1011200,2025-2026,2026-06-30,20251013043751
1111663,2024-2025,2028-06-30,20241112134943
855215,2024-2025,,
629588,2024-2025,,
1200419,2024-2025,2027-06-30,20250426133928
1176345,2024-2025,2028-06-30,20250121044050
1176345,2025-2026,,
405397,2024-2025,2028-06-30,20250529015112
984699,2024-2025,,
579928,2024-2025,2029-06-30,20250115002357
579928,2025-2026,,
143559,2024-2025,,
735568,2024-2025,2025-06-30,20241010012426
735568,2025-2026,2030-06-30,20250909134607
563137,2024-2025,2025-06-30,20240829141345
563137,2025-2026,,
15956,2024-2025,2024-12-31,20241113121152
564305,2024-2025,2025-06-30,20240820223732
564305,2025-2026,,
673514,2024-2025,,
673514,2025-2026,2029-06-30,20251115191915
674612,2024-2025,2027-06-30,20241112033610
674612,2025-2026,,
274839,2024-2025,2027-06-30,20241111151936
450936,2024-2025,2026-06-30,20240927213256
450936,2025-2026,2026-06-30,20260115113811
1203026,2024-2025,,
122840,2024-2025,,
122840,2025-2026,2026-06-30,20251010130312
464333,2024-2025,,
422951,2024-2025,2026-06-30,20241008144223
422951,2025-2026,2026-06-30,20250821172818
469822,2024-2025,,
469822,2025-2026,2028-06-30,20260126072950
111819,2024-2025,2025-06-30,20240914153350
487465,2024-2025,,
487465,2025-2026,2031-06-30,20260214221334
524285,2024-2025,,
524285,2025-2026,2026-06-30,20251127111052
670681,2024-2025,2029-06-30,20241008120153
670681,2025-2026,2029-06-30,20251218081809
1314671,2024-2025,,
1314671,2025-2026,2029-06-30,20251003163751
923838,2024-2025,,
490417,2024-2025,2025-06-30,20241201171153
291200,2024-2025,2028-06-30,20241009081427
291200,2025-2026,2028-06-30,20251002220200
538996,2024-2025,2027-06-30,20241105191820
538996,2025-2026,,
283227,2024-2025,,
283227,2025-2026,,
644032,2024-2025,,
644032,2025-2026,,
430280,2024-2025,,
430280,2025-2026,2026-06-30,20250830151558
284270,2024-2025,2029-06-30,20240821010119
284270,2025-2026,2029-06-30,20251103121009
644408,2024-2025,2026-06-30,20241003074602
644408,2025-2026,2029-06-30,20251004113642
148928,2024-2025,2025-06-30,20240821231030
633056,2024-2025,2028-06-30,20250130123340
926849,2024-2025,,
934527,2024-2025,2027-06-30,20241204104910
934527,2025-2026,2029-06-30,20260208220951
530173,2024-2025,2027-06-30,20240819150931
530173,2025-2026,2027-06-30,20251031010614
344381,2024-2025,2029-06-30,20241113024557
344381,2025-2026,,
591193,2024-2025,,
591193,2025-2026,2026-06-30,20251022161708
324811,2024-2025,2028-06-30,20250128181415
324811,2025-2026,,
406640,2024-2025,,
406640,2025-2026,2028-06-30,20251009115540
728733,2024-2025,,20240814223035
728733,2025-2026,,
955070,2024-2025,2028-06-30,20241213104358
955070,2025-2026,,
338285,2024-2025,2025-06-30,20240828170840
338285,2025-2026,,
601883,2024-2025,2028-06-30,20241110193933
601883,2025-2026,,
890719,2024-2025,2030-06-30,20250604000602
890719,2025-2026,2030-06-30,20250917081401
111508,2024-2025,2025-06-30,20241105191810
111508,2025-2026,,
73517,2024-2025,2026-06-30,20240925021108
73517,2025-2026,,
354814,2024-2025,2025-06-30,20241009131429
354814,2025-2026,2026-06-30,20260123052846
1068110,2024-2025,2025-06-30,20250120183102
1068110,2025-2026,,
148367,2024-2025,2025-06-30,20241105191758
148367,2025-2026,2027-06-30,20260131063243
1052287,2024-2025,2025-06-30,20240825223831
711544,2024-2025,,
711544,2025-2026,2028-06-30,20260201023229
406634,2024-2025,2029-06-30,20241112052910
406634,2025-2026,2026-06-30,20251013112613
401320,2024-2025,,
743413,2024-2025,,20241110195101
743413,2025-2026,,
1042886,2024-2025,,
121483,2024-2025,,
121483,2025-2026,2028-06-30,20260202215953
189441,2024-2025,2027-06-30,20241007222608
392591,2024-2025,2028-06-30,20240828111649
863759,2024-2025,2026-06-30,20240916104934
863759,2025-2026,,
346890,2024-2025,2028-06-30,20241007191853
346890,2025-2026,2029-06-30,20251011054337
461833,2024-2025,,
718312,2024-2025,2028-06-30,20241112091842
340353,2024-2025,2028-06-30,20240925164940
340353,2025-2026,2028-06-30,20260204173616
453376,2024-2025,2028-06-30,20241213143403
745202,2024-2025,,
1056971,2024-2025,,
625660,2024-2025,,
625660,2025-2026,,
565406,2024-2025,2027-06-30,20241223212833
617021,2024-2025,,
566723,2024-2025,2029-06-30,20241002205744
566723,2025-2026,2029-06-30,20260210050334
166677,2024-2025,2025-06-30,20241130115510
334999,2024-2025,2026-06-30,20250226065706
376514,2024-2025,2027-06-30,20250114103307
376514,2025-2026,,
468309,2024-2025,2026-06-30,20250114191216
308133,2024-2025,2026-06-30,20241007123447
234509,2024-2025,2028-06-30,20241008171415
485706,2024-2025,,
485706,2025-2026,,
663237,2024-2025,2029-06-30,20250124041336
663237,2025-2026,,
119234,2024-2025,2026-06-30,20240928010118
421637,2024-2025,,
421637,2025-2026,2027-06-30,20251027123419
469976,2024-2025,2028-06-30,20250112235951
368887,2024-2025,2028-06-30,20241105191749
368887,2025-2026,2026-06-30,20251104233653
539665,2024-2025,,
539665,2025-2026,2028-06-30,20251004232709
1231401,2024-2025,2028-06-30,20241211000327
1073032,2024-2025,,
1018259,2024-2025,2028-06-30,20240910023607
1018259,2025-2026,2026-06-30,20251110195321
93740,2024-2025,,
93740,2025-2026,2027-06-30,20251102044931
118850,2024-2025,,
845809,2024-2025,,
368482,2024-2025,2027-06-30,20241113014417
368482,2025-2026,2027-06-30,20251202180038
85941,2024-2025,2026-06-30,20241111070337
85941,2025-2026,2026-06-30,20251228035442
634131,2024-2025,2029-06-30,20241007225314
634131,2025-2026,,
609556,2024-2025,2029-06-30,20240921205558
609556,2025-2026,,
782632,2024-2025,,
443331,2024-2025,,
443331,2025-2026,,20251003213603
991487,2024-2025,2029-06-30,20250122201723
991487,2025-2026,2029-06-30,20251121140643
823231,2024-2025,2028-06-30,20241214190731
823231,2025-2026,2030-06-30,20250816215850
947360,2024-2025,2028-06-30,20241113193831
947360,2025-2026,2028-06-30,20251021124742
650104,2024-2025,,
897424,2024-2025,,
897424,2025-2026,2029-06-30,20251101105857
631693,2024-2025,,
1052291,2024-2025,2025-06-30,20250120185622
698560,2024-2025,2027-06-30,20250205113349
586984,2024-2025,2027-06-30,20241009234327
586984,2025-2026,,
244940,2024-2025,2025-06-30,20240928073341
244940,2025-2026,2026-06-30,20260119024219
615350,2024-2025,,
615350,2025-2026,2026-06-30,20251202235615
395695,2024-2025,2027-06-30,20241007122237
395695,2025-2026,,
580560,2024-2025,2030-06-30,20241227141307
580560,2025-2026,2026-06-30,20260216042720
27807,2024-2025,,
27807,2025-2026,,
834483,2024-2025,2027-06-30,20241222095434
834483,2025-2026,,
876400,2024-2025,,
895937,2024-2025,,20240820221957
895937,2025-2026,2026-06-30,20260109110149
1058354,2024-2025,2027-06-30,20240916163926
1058354,2025-2026,2027-06-30,20251122180800
139279,2024-2025,,
568177,2024-2025,2033-06-30,20241222152130
568177,2025-2026,2033-06-30,20251105005208
181778,2024-2025,2026-06-30,20241009040418
181778,2025-2026,2026-06-30,20251022023937
245625,2024-2025,,
796221,2024-2025,2025-06-30,20240904090515
444523,2024-2025,2027-06-30,20241008223401
591916,2024-2025,,
591916,2025-2026,,
711517,2024-2025,,
711517,2025-2026,,
166237,2024-2025,2025-06-30,20250123190128
1061260,2024-2025,2026-06-30,20250531230652
547985,2024-2025,,
547985,2025-2026,,
230784,2024-2025,2025-06-30,20241105191813
230784,2025-2026,,
59561,2024-2025,,
59561,2025-2026,,
274461,2024-2025,2025-06-30,20240927211828
126729,2024-2025,2027-06-30,20241110020607
126729,2025-2026,2027-06-30,20260213170650
353366,2024-2025,2028-06-30,20241112211505
353366,2025-2026,2026-06-30,20250915002059
1093482,2024-2025,,20250130154000
948294,2024-2025,,
948294,2025-2026,,
64793,2024-2025,2026-06-30,20241111112830
64793,2025-2026,,
288429,2024-2025,,
288429,2025-2026,,
955263,2024-2025,,20240825185226
501418,2024-2025,2028-06-30,20241105191825
501418,2025-2026,,
355369,2024-2025,2026-06-30,20240928140443
534379,2024-2025,,
683840,2024-2025,,
683840,2025-2026,2030-06-30,20251226190226
364133,2024-2025,,
286297,2024-2025,2026-06-30,20241224023921
286297,2025-2026,2026-06-30,20251010063714
856530,2024-2025,2029-06-30,20250516024730
856530,2025-2026,,
346567,2024-2025,2025-06-30,20241109194535
346567,2025-2026,2027-06-30,20251004050730
494236,2024-2025,,
538998,2024-2025,2025-06-30,20240901064147
538998,2025-2026,,
283170,2024-2025,2026-06-30,20241209192411
283170,2025-2026,,
238868,2024-2025,2025-06-30,20241008004946
238716,2024-2025,2027-06-30,20250117063209
343052,2024-2025,2026-06-30,20240920233439
343052,2025-2026,,
639733,2024-2025,,
639733,2025-2026,,
980632,2024-2025,2027-06-30,20250429223058
203394,2024-2025,,
424072,2024-2025,,
424072,2025-2026,,
1015624,2024-2025,,
215876,2024-2025,,
264116,2024-2025,2025-06-30,20241105191756
468539,2024-2025,2028-06-30,20241009141533
246968,2024-2025,2028-06-30,20241109032327
246968,2025-2026,,
282810,2024-2025,2025-06-30,20241007160224
358115,2024-2025,2025-06-30,20240928010121
491693,2024-2025,2025-06-30,20241009052509
668547,2024-2025,,
668547,2025-2026,,
696028,2024-2025,,
199258,2024-2025,2027-06-30,20241205163548
412829,2024-2025,2025-06-30,20241210043804
412829,2025-2026,,
1271065,2024-2025,2027-06-30,20241209125124
432671,2024-2025,2025-06-30,20241010082259
665390,2024-2025,2029-06-30,20241009062820
351749,2024-2025,2025-06-30,20241008114737
895458,2024-2025,2026-06-30,20240916185845
331362,2024-2025,,
130164,2024-2025,2027-06-30,20241010000614
130164,2025-2026,2029-06-30,20251016184159
334221,2024-2025,,
334221,2025-2026,2025-11-28,20260201102250
471055,2024-2025,2027-06-30,20240924155700
471055,2025-2026,2027-06-30,20251024155353
432092,2024-2025,2025-06-30,20241111100923
432092,2025-2026,2030-06-30,20260105095233
674806,2024-2025,,
674806,2025-2026,2027-06-30,20260110150839
372720,2024-2025,,20241219182314
372720,2025-2026,,20251101160911
315865,2024-2025,2025-06-30,20240817093301
315865,2025-2026,2027-06-30,20251121141244
642002,2024-2025,,
642002,2025-2026,2027-06-30,20251123144625
568157,2024-2025,2027-06-30,20241109023835
568157,2025-2026,2030-06-30,20250830082209
813137,2024-2025,2029-06-30,20250224064847
813137,2025-2026,,
950593,2024-2025,2029-06-30,20241019034535
950593,2025-2026,2026-06-30,20250908203037
167329,2024-2025,2025-06-30,20241113002650
392538,2024-2025,2025-06-30,20241204000855
392538,2025-2026,2026-06-30,20250917152100
173491,2024-2025,2027-06-30,20241203160651
241307,2024-2025,2026-06-30,20241009234231
553875,2024-2025,2028-06-30,20241111044720
553875,2025-2026,2028-06-30,20260103161104
192080,2024-2025,,
192080,2025-2026,2026-06-30,20250909121902
223974,2024-2025,2026-06-30,20241010075108
223974,2025-2026,2026-06-30,20260123055118
99353,2024-2025,2027-06-30,20241009075626
99353,2025-2026,2027-06-30,20260215102658
917817,2024-2025,,
177452,2024-2025,,
177452,2025-2026,,
434116,2024-2025,2028-06-30,20241010063147
434116,2025-2026,2028-06-30,20251127060332
340700,2024-2025,,
197929,2024-2025,2027-06-30,20241110050657
197929,2025-2026,2027-06-30,20251223104118
361575,2024-2025,,20241112223241
408471,2024-2025,2025-06-30,20241001120816
408471,2025-2026,,
315779,2024-2025,2027-06-30,20241112142327
315779,2025-2026,2027-06-30,20260209174741
1049598,2024-2025,2026-06-30,20241204100110
632349,2024-2025,2024-10-07,20241105192000
632349,2025-2026,2030-06-30,20251102153356
597432,2024-2025,,
597432,2025-2026,,20260113003511
182913,2024-2025,,
182913,2025-2026,2028-06-30,20250920125542
303657,2024-2025,,
303657,2025-2026,2029-06-30,20251003104550
413262,2024-2025,,
413262,2025-2026,2027-06-30,20251003075948
818888,2024-2025,,
948278,2024-2025,,
948278,2025-2026,,
427568,2024-2025,2028-06-30,20241009021353
427568,2025-2026,,
503749,2024-2025,,
503749,2025-2026,,20250817201824
346561,2024-2025,2028-06-30,20241010000424
346561,2025-2026,2028-06-30,20251023094619
574201,2024-2025,2025-06-30,20250122174036
574201,2025-2026,,
550550,2024-2025,2028-06-30,20240926114733
550550,2025-2026,2028-06-30,20251212084116
411295,2024-2025,2027-06-30,20241105191936
411295,2025-2026,2028-06-30,20251104045227
527966,2024-2025,2028-06-30,20250122182326
527966,2025-2026,2028-06-30,20251104163910
318204,2024-2025,,
318204,2025-2026,2027-06-30,20260108205730
262749,2024-2025,2028-06-30,20241109021736
262749,2025-2026,2028-06-30,20250909121649
390304,2024-2025,,
390304,2025-2026,2028-06-30,20251002153047
187587,2024-2025,2025-06-30,20241113002119
226973,2024-2025,2027-06-30,20241110054132
226973,2025-2026,2027-06-30,20251205073901
1089802,2024-2025,,
282429,2024-2025,,
718034,2024-2025,2028-06-30,20241010015501
718034,2025-2026,2028-06-30,20251204173346
460939,2024-2025,2028-06-30,20241010012421
460939,2025-2026,2030-06-30,20251221035326
467434,2024-2025,,
467434,2025-2026,2028-06-30,20260223060908
592534,2024-2025,,
592534,2025-2026,2026-06-30,20251011092024
7825,2024-2025,2025-06-30,20250218100834
557407,2024-2025,2025-06-30,20241105191807
557407,2025-2026,2029-06-30,20260209073754
212862,2024-2025,2027-06-30,20241109035035
212862,2025-2026,2027-06-30,20260211203307
945709,2024-2025,,
912902,2024-2025,,
912902,2025-2026,2028-06-30,20251120185655
280575,2024-2025,2026-06-30,20241009111546
280575,2025-2026,,
689637,2024-2025,2029-06-30,20241107011235
689637,2025-2026,2029-06-30,20260131191922
467992,2024-2025,2026-06-30,20241005133837
467992,2025-2026,2029-06-30,20260115114042
578539,2024-2025,2027-06-30,20241008061943
578539,2025-2026,2027-06-30,20251023110330
378710,2024-2025,2027-06-30,20241225151424
378710,2025-2026,2027-06-30,20251224061310
893675,2024-2025,,
893675,2025-2026,,
249513,2024-2025,2026-06-30,20241007211444
249513,2025-2026,,
490609,2024-2025,2027-06-30,20241204060636
490609,2025-2026,2027-06-30,20251023112351
507341,2024-2025,2025-06-30,20241009080228
507341,2025-2026,2030-06-30,20251021034858
278837,2024-2025,2026-06-30,20250608043509
278837,2025-2026,,
1255616,2024-2025,2026-06-30,20241130173655
271455,2024-2025,2026-06-30,20250113170954
271455,2025-2026,,
461617,2024-2025,2028-06-30,20250126200107
461617,2025-2026,2030-06-30,20260216091615
1000136,2024-2025,,
333903,2024-2025,2023-11-15,20241010075435
333903,2025-2026,,
85370,2024-2025,2026-06-30,20241112205843
85370,2025-2026,,
336869,2024-2025,,
336869,2025-2026,,
349701,2024-2025,,
349701,2025-2026,,
608382,2024-2025,,
1108478,2024-2025,2027-06-30,20250530112057
715628,2024-2025,,
715628,2025-2026,,
834470,2024-2025,2027-06-30,20241004161051
88103,2024-2025,2025-12-31,20250115094057
1190411,2024-2025,2029-06-30,20241212175354
1190411,2025-2026,,
1076815,2024-2025,,
1076815,2025-2026,,
566574,2024-2025,,
86784,2024-2025,2026-06-30,20241109054440
86784,2025-2026,2026-06-30,20250910224354
608832,2024-2025,,
608832,2025-2026,2026-06-30,20251002145806
562742,2024-2025,2026-06-30,20241112072402
562742,2025-2026,,
709372,2024-2025,2025-06-30,20240928011246
709372,2025-2026,2026-06-30,20260129032801
355915,2024-2025,2027-06-30,20241008031957
355915,2025-2026,2029-06-30,20260228091158
687609,2024-2025,,
687609,2025-2026,,
769063,2024-2025,,
943837,2024-2025,2031-06-30,20240820005706
133179,2024-2025,2026-06-30,20240927211853
133179,2025-2026,2026-06-30,20251101124058
599419,2024-2025,2024-11-28,20241208104847
599419,2025-2026,,
512352,2024-2025,,
798043,2024-2025,,20241009120540
798043,2025-2026,,
690799,2024-2025,,
690799,2025-2026,2029-06-30,20251120165622
672381,2024-2025,2025-06-30,20240914092819
672381,2025-2026,2029-06-30,20251105140927
257732,2024-2025,2027-06-30,20241113033530
257732,2025-2026,2027-06-30,20251020085255
866247,2024-2025,,
741090,2024-2025,2028-06-30,20241222125020
86202,2024-2025,2026-06-30,20240927215616
86202,2025-2026,2026-06-30,20251227070915
378139,2024-2025,,
378139,2025-2026,2028-06-30,20251003012009
668210,2024-2025,2026-06-30,20250516041357
229604,2024-2025,2027-06-30,20241007152122
229604,2025-2026,2027-06-30,20260214110845
128969,2024-2025,2025-06-30,20241009043320
128969,2025-2026,2026-06-30,20260116035044
370789,2024-2025,2028-06-30,20241003204052
370789,2025-2026,,
538977,2024-2025,2028-06-30,20240819224544
538977,2025-2026,,
107775,2024-2025,2024-01-28,20240928140901
107775,2025-2026,,
526466,2024-2025,,20241009170750
526466,2025-2026,2029-06-30,20251201052731
135492,2024-2025,2026-06-30,20241009064403
249994,2024-2025,,
249994,2025-2026,2027-06-30,20260128032455
106987,2024-2025,2027-06-30,20240820221953
106987,2025-2026,2027-06-30,20251007090651
167491,2024-2025,2026-06-30,20241120124532
167491,2025-2026,,
340339,2024-2025,,
524925,2024-2025,2028-06-30,20241010025328
318470,2024-2025,2029-06-30,20241008231107
318470,2025-2026,,
655009,2024-2025,,
1132292,2024-2025,,
182916,2024-2025,,
182916,2025-2026,2026-06-30,20251206045317
242661,2024-2025,,
242661,2025-2026,2024-07-09,20251010085232
495666,2024-2025,2027-06-30,20240914104742
495666,2025-2026,,
563963,2024-2025,2028-06-30,20241227133612
563963,2025-2026,2028-06-30,20251021161855
332798,2024-2025,2028-06-30,20241009045115
766583,2024-2025,,
766583,2025-2026,,
351843,2024-2025,,
528833,2024-2025,2025-06-30,20240819100457
528833,2025-2026,,
315604,2024-2025,2025-06-30,20241113033150
191056,2024-2025,,
191056,2025-2026,2029-06-30,20251010161213
381967,2024-2025,,
381967,2025-2026,2028-06-30,20260113031517
234523,2024-2025,2026-06-30,20241113090236
234523,2025-2026,2028-06-30,20251013234745
40433,2024-2025,,
40433,2025-2026,,
340853,2024-2025,2026-06-30,20240928150454
513031,2024-2025,,
513031,2025-2026,,
401173,2024-2025,2025-06-30,20241013203654
401173,2025-2026,2026-06-30,20260116072519
768380,2024-2025,2026-06-30,20240822221435
768380,2025-2026,,
955281,2024-2025,2026-06-30,20240925191251
955281,2025-2026,2030-06-30,20250917062652
375885,2024-2025,2028-06-30,20250419085034
375885,2025-2026,,
643574,2024-2025,2028-06-30,20241109132008
643574,2025-2026,,
174094,2024-2025,,
174094,2025-2026,2027-06-30,20251003180027
82048,2024-2025,2025-06-30,20241113054016
1054934,2024-2025,2029-06-30,20250210120728
1054934,2025-2026,2029-06-30,20251017075734
941869,2024-2025,2025-06-30,20241007195121
941869,2025-2026,,
285323,2024-2025,,
285323,2025-2026,2026-06-30,20251003093205
743600,2024-2025,,
743600,2025-2026,2030-06-30,20260210203558
997861,2024-2025,2030-06-30,20241125012027
997861,2025-2026,,
816580,2024-2025,2028-06-30,20241008012353
816580,2025-2026,2029-06-30,20260103150526
410225,2024-2025,2029-06-30,20241007204030
410225,2025-2026,2029-06-30,20251118162409
344596,2024-2025,2026-06-30,20241009181014
344596,2025-2026,,
910905,2024-2025,,
910905,2025-2026,2026-06-30,20251007124526
655456,2024-2025,2025-06-30,20240920202535
315867,2024-2025,,
315867,2025-2026,,
670883,2024-2025,2025-05-31,20240813193411
670883,2025-2026,,
473050,2024-2025,2028-06-30,20241110212252
473050,2025-2026,2028-06-30,20260110042233
242086,2024-2025,,
242086,2025-2026,2030-06-30,20251229153644
135343,2024-2025,2025-06-30,20241211034916
135343,2025-2026,,
707809,2024-2025,2029-06-30,20240828103210
223979,2024-2025,2026-06-30,20241008151714
223979,2025-2026,,
394033,2024-2025,2026-06-30,20240924223104
394033,2025-2026,2026-06-30,20251113224025
388198,2024-2025,2027-06-30,20240821022038
388198,2025-2026,2027-06-30,20260119001002
157506,2024-2025,2025-06-30,20241009074215
413843,2024-2025,2027-06-30,20250114192956
413843,2025-2026,,
346853,2024-2025,,
346853,2025-2026,2027-06-30,20251010015614
581357,2024-2025,2025-06-30,20240924153150
581357,2025-2026,2028-06-30,20251030235808
855256,2024-2025,,
855256,2025-2026,2028-06-30,20251117124238
238993,2024-2025,2026-06-30,20241112104336
238993,2025-2026,2028-06-30,20251014091104
237499,2024-2025,,
999229,2024-2025,2026-06-30,20241204072841
935777,2024-2025,,20250114124026
798404,2024-2025,,
798404,2025-2026,2029-06-30,20251120213838
404950,2024-2025,2028-06-30,20241008104927
404950,2025-2026,2028-06-30,20251020003502
1137808,2024-2025,2029-06-30,20250415214840
127202,2024-2025,2027-06-30,20241009102559
127202,2025-2026,2027-06-30,20251024163418
231572,2024-2025,,
583255,2024-2025,2029-06-30,20241226124313
583255,2025-2026,2030-06-30,20260109063249
469781,2024-2025,,
469781,2025-2026,2026-06-30,20251211093915
216179,2024-2025,,
830890,2024-2025,2027-06-30,20240925021512
830890,2025-2026,,
261905,2024-2025,2028-06-30,20241113140126
261905,2025-2026,,
668183,2024-2025,,
668183,2025-2026,,
627442,2024-2025,2029-06-30,20241220132704
627442,2025-2026,2030-06-30,20260119164054
308989,2024-2025,,
183288,2024-2025,2027-06-30,20241009083505
183288,2025-2026,2027-06-30,20250910225705
304144,2024-2025,2027-06-30,20241112144426
358166,2024-2025,,
569033,2024-2025,,
569033,2025-2026,,
161869,2024-2025,,
161869,2025-2026,,
280387,2024-2025,2026-06-30,20241009064236
777308,2024-2025,2025-06-30,20241105191754
111426,2024-2025,,
241641,2024-2025,2026-06-30,20241110191607
241641,2025-2026,,
548348,2024-2025,2026-06-30,20241113114744
234811,2024-2025,2025-06-30,20250117050629
282388,2024-2025,2026-06-30,20241009100102
282388,2025-2026,,
274862,2024-2025,2026-06-30,20241223052318
274862,2025-2026,2028-06-30,20250909122856
776798,2024-2025,,
776798,2025-2026,,
262396,2024-2025,2029-06-30,20241009074554
262396,2025-2026,2029-06-30,20251012043956
942497,2024-2025,2024-06-30,20241111060452
942497,2025-2026,2026-06-30,20260131203434
569140,2024-2025,2026-06-30,20241004121654
569140,2025-2026,,
648779,2024-2025,2028-06-30,20241216134256
512385,2024-2025,,20250114112042
31653,2024-2025,,
215099,2024-2025,2025-06-30,20240926143846
366948,2024-2025,,
372712,2024-2025,2027-06-30,20241009153028
372712,2025-2026,,
1228320,2024-2025,,
298197,2024-2025,,
298197,2025-2026,,
290587,2024-2025,2027-06-30,20250219190624
290587,2025-2026,,
484888,2024-2025,2026-06-30,20241211134248
432982,2024-2025,2029-06-30,20250119225742
432982,2025-2026,,
567309,2024-2025,,
392765,2024-2025,2029-06-30,20241113055146
392765,2025-2026,,
904712,2024-2025,,
571271,2024-2025,2026-06-30,20241007154638
571271,2025-2026,2029-06-30,20251008022538
434990,2024-2025,2027-06-30,20241008035528
434990,2025-2026,,
507486,2024-2025,2027-06-30,20241109022105
507486,2025-2026,2030-06-30,20251225200515
431811,2024-2025,2025-06-30,20241008065214
1009658,2024-2025,2026-12-31,20240920183204
1009658,2025-2026,,20251005043907
372246,2024-2025,2025-06-30,20240921122648
372246,2025-2026,,
742521,2024-2025,2028-06-30,20241009072112
742521,2025-2026,,
312773,2024-2025,,
312773,2025-2026,,20251029011419
42205,2024-2025,2026-06-30,20241113024906
42205,2025-2026,2026-06-30,20251009031819
226012,2024-2025,2026-06-30,20241010034713
226012,2025-2026,,
463665,2024-2025,,20241007162235
463665,2025-2026,2027-06-30,20260128062349
251892,2024-2025,,
293194,2024-2025,2025-06-30,20240817144440
293194,2025-2026,,
892221,2024-2025,2028-06-30,20250601005056
892221,2025-2026,,
386455,2024-2025,,
386455,2025-2026,,
283628,2024-2025,2027-06-30,20241228073329
283628,2025-2026,2027-06-30,20251114222954
344605,2024-2025,,
807128,2024-2025,,
118689,2024-2025,2026-06-30,20241008212519
118689,2025-2026,,
696346,2024-2025,2031-06-30,20241216133018
258987,2024-2025,2027-06-30,20241214222039
258987,2025-2026,2027-06-30,20260113055411
655012,2024-2025,2028-06-30,20241214063337
162434,2024-2025,,
162434,2025-2026,,
73564,2024-2025,,
660438,2024-2025,2030-06-30,20241113022134
660438,2025-2026,,
163744,2024-2025,,
507345,2024-2025,2028-06-30,20241109085444
507345,2025-2026,2028-06-30,20250910212034
195246,2024-2025,,
195246,2025-2026,2026-06-30,20250911154113
1075589,2024-2025,2027-06-30,20250117184411
587019,2024-2025,,20241110222453
587019,2025-2026,,
134425,2024-2025,2025-05-31,20241008200148
443710,2024-2025,2028-06-30,20250128163358
443710,2025-2026,2028-06-30,20260207190801
106872,2024-2025,2027-06-30,20241228223630
106872,2025-2026,,
271021,2024-2025,,
447995,2024-2025,,
183841,2024-2025,,
486144,2024-2025,,
59323,2024-2025,2026-06-30,20241008023741
59323,2025-2026,,
510396,2024-2025,,
385105,2024-2025,2026-06-30,20240910110358
385105,2025-2026,,
165007,2024-2025,,
982267,2024-2025,2028-06-30,20250414232304
982267,2025-2026,,
746695,2024-2025,2027-06-30,20240903014409
746695,2025-2026,,
111961,2024-2025,,
432298,2024-2025,2029-06-30,20241213125002
432298,2025-2026,2029-06-30,20251122144111
342405,2024-2025,,
342405,2025-2026,2027-06-30,20260112231002
282169,2024-2025,2026-06-30,20240827213240
438961,2024-2025,,
338670,2024-2025,,
338670,2025-2026,2030-06-30,20260221205836
764859,2024-2025,,
764859,2025-2026,,
220878,2024-2025,,
166683,2024-2025,2026-06-30,20240928010123
962555,2024-2025,,
962555,2025-2026,2028-06-30,20251010112130
238407,2024-2025,,
238407,2025-2026,2028-06-30,20260302095820
451276,2024-2025,2028-06-30,20241105191923
451276,2025-2026,,
551505,2024-2025,,
551505,2025-2026,,
1077670,2024-2025,2025-06-30,20250414232645
1077670,2025-2026,2030-06-30,20251101201639
196357,2024-2025,2025-06-30,20240903010511
196357,2025-2026,2029-06-30,20260128105539
277137,2024-2025,2026-06-30,20241008142447
307058,2024-2025,,
707274,2024-2025,,
707274,2025-2026,2030-06-30,20251210085725
535955,2024-2025,2025-06-30,20241109195339
535955,2025-2026,2029-06-30,20251121204025
250478,2024-2025,,
399434,2024-2025,,
399434,2025-2026,,
195633,2024-2025,,
458178,2024-2025,,
607226,2024-2025,2029-06-30,20241224042709
607226,2025-2026,2030-06-30,20260103060139
413112,2024-2025,2028-06-30,20240927222050
413112,2025-2026,2028-06-30,20251218151511
290273,2024-2025,2025-06-30,20240929022855
842338,2024-2025,,
941883,2024-2025,2026-06-30,20240821191131
340322,2024-2025,,
340322,2025-2026,2028-06-30,20251029202515
466783,2024-2025,,
466783,2025-2026,,
631007,2024-2025,2028-06-30,20241112224920
631007,2025-2026,2026-06-30,20260217234340
670096,2024-2025,,
670096,2025-2026,2029-06-30,20251011001538
206746,2024-2025,,
206746,2025-2026,2028-06-30,20260204013025
184892,2024-2025,,
184892,2025-2026,,
475416,2024-2025,2025-06-30,20241109042205
226524,2024-2025,,
226524,2025-2026,2026-06-30,20251010063306
215977,2024-2025,,
215977,2025-2026,2026-06-30,20251104223359
463618,2024-2025,,
463618,2025-2026,2029-06-30,20250904213612
249565,2024-2025,2027-06-30,20241008161616
249565,2025-2026,2028-06-30,20260130152921
318528,2024-2025,2028-06-30,20241105191755
318528,2025-2026,2028-06-30,20250904094347
300716,2024-2025,,
420243,2024-2025,2028-06-30,20240927222632
420243,2025-2026,2028-06-30,20250909120945
605184,2024-2025,,
605184,2025-2026,,
198516,2024-2025,,
288340,2024-2025,,
288340,2025-2026,2027-06-30,20251111200803
190393,2024-2025,,
190393,2025-2026,2027-06-30,20251003151950
683812,2024-2025,,
569031,2024-2025,2028-06-30,20241113211503
569031,2025-2026,2026-06-30,20260111010311
162038,2024-2025,2027-06-30,20241007185105
72441,2024-2025,2025-06-30,20241008143021
331560,2024-2025,,
701757,2024-2025,2028-06-30,20241009072341
701757,2025-2026,,
399776,2024-2025,,
399776,2025-2026,,
213670,2024-2025,2027-06-30,20241007171835
213670,2025-2026,2027-06-30,20251002190738
398184,2024-2025,2027-06-30,20250211003604
398184,2025-2026,2027-06-30,20260119024221
181382,2024-2025,,
181382,2025-2026,,
1067904,2024-2025,2028-12-31,20250114175729
1067904,2025-2026,2029-06-30,20260226061611
229853,2024-2025,2026-06-30,20241115201711
990732,2024-2025,2028-06-30,20240815164303
990732,2025-2026,,
942814,2024-2025,,20240926201726
353948,2024-2025,,
353948,2025-2026,,
204103,2024-2025,,
204103,2025-2026,2026-06-30,20251024162956
146509,2024-2025,,
649020,2024-2025,,
649020,2025-2026,,
388294,2024-2025,2026-06-30,20240924172156
388294,2025-2026,2026-06-30,20251130221617
297070,2024-2025,,
297070,2025-2026,,
357658,2024-2025,,
45672,2024-2025,,
45672,2025-2026,2028-06-30,20250819232414
30321,2024-2025,2025-06-30,20241008025527
30321,2025-2026,2026-06-30,20251003205949
654539,2024-2025,,
654539,2025-2026,2030-06-30,20251016151956
342046,2024-2025,,
342046,2025-2026,,20251008182958
264372,2024-2025,2027-06-30,20241202013533
264372,2025-2026,,
634431,2024-2025,2027-06-30,20241109160901
634431,2025-2026,,
1124005,2024-2025,2028-06-30,20241217125539
1124005,2025-2026,,
476701,2024-2025,2029-06-30,20241008023328
476701,2025-2026,,
711999,2024-2025,,
711999,2025-2026,2030-06-30,20251223041817
556385,2024-2025,2030-06-30,20241112083730
556385,2025-2026,,
40680,2024-2025,2025-06-30,20241113185923
40680,2025-2026,2026-06-30,20260211181549
251106,2024-2025,,
251106,2025-2026,,
339314,2024-2025,2027-06-30,20241006030947
339314,2025-2026,2027-06-30,20260204150752
344695,2024-2025,2026-06-30,20241009064555
344695,2025-2026,2026-06-30,20260103073841
508639,2024-2025,2025-06-30,20241123030253
699442,2024-2025,,
816585,2024-2025,2029-06-30,20241009190642
816585,2025-2026,2029-06-30,20251230182723
448258,2024-2025,,
448258,2025-2026,2028-06-30,20250831105412
607720,2024-2025,2029-06-30,20250127194814
607720,2025-2026,2029-06-30,20260210072713
625202,2024-2025,2027-06-30,20240815112754
625202,2025-2026,,
860992,2024-2025,2024-12-31,20240821050935
860992,2025-2026,,
251896,2024-2025,2025-06-30,20241105192438
369081,2024-2025,2029-06-30,20241008022951
369081,2025-2026,2029-06-30,20251115091719
167741,2024-2025,,
400131,2024-2025,2025-06-30,20250130130632
139208,2024-2025,2025-06-30,20241105191744
139208,2025-2026,,
789082,2024-2025,2028-06-30,20241008021420
789082,2025-2026,2028-06-30,20260106194554
490423,2024-2025,2025-06-30,20241008023225
490423,2025-2026,,
486046,2024-2025,,
486046,2025-2026,2029-06-30,20251102215838
197838,2024-2025,2025-06-30,20241210042318
197838,2025-2026,2026-06-30,20260215211123
345886,2024-2025,2025-06-30,20240819233709
345886,2025-2026,2025-06-30,20251003215725
248454,2024-2025,2024-01-24,20241002205730
248454,2025-2026,2024-01-24,20251009180628
532937,2024-2025,,
532937,2025-2026,,
495722,2024-2025,,
1131161,2024-2025,2027-06-30,20241208104753
1131161,2025-2026,2030-06-30,20260219235015
239962,2024-2025,2025-06-30,20241113034207
239962,2025-2026,,
623024,2024-2025,,
623024,2025-2026,2028-06-30,20260211150253
221316,2024-2025,2025-06-30,20240927215620
221316,2025-2026,2027-06-30,20251219101822
728485,2024-2025,2027-06-30,20241113145606
728485,2025-2026,2027-06-30,20260112112239
805714,2024-2025,2031-06-30,20241010071709
805714,2025-2026,,
888493,2024-2025,2025-06-30,20241224220718
202228,2024-2025,,
143812,2024-2025,2025-06-30,20241110070346
143812,2025-2026,,
1061820,2024-2025,,
1061820,2025-2026,,
164771,2024-2025,2026-06-30,20240905092957
99331,2024-2025,2027-06-30,20240928000020
1048496,2024-2025,2026-06-30,20241228094302
300168,2024-2025,,
300168,2025-2026,2027-06-30,20251004154953
707572,2024-2025,2029-06-30,20241207060638
216870,2024-2025,2025-06-30,20241009045506
216870,2025-2026,2027-06-30,20251211092601
604327,2024-2025,2025-06-30,20240921063717
251897,2024-2025,,
650966,2024-2025,,
525287,2024-2025,2025-06-30,20240928140900
297194,2024-2025,,
85393,2024-2025,2025-06-30,20241112225141
438971,2024-2025,,
487469,2024-2025,2027-06-30,20241008120153
487469,2025-2026,2029-06-30,20251105034242
524000,2024-2025,2032-06-30,20241109023530
524000,2025-2026,,
493702,2024-2025,,
493702,2025-2026,2026-06-30,20251024233244
357498,2024-2025,2026-06-30,20241105191856
357498,2025-2026,2026-06-30,20251104004032
698546,2024-2025,2028-06-30,20241007163740
293200,2024-2025,2027-06-30,20240928180143
293200,2025-2026,2027-06-30,20260301042434
330208,2024-2025,2027-06-30,20241110212227
336125,2024-2025,2025-06-30,20240928135455
336125,2025-2026,2028-06-30,20260102130136
82009,2024-2025,2026-06-30,20240924151645
84435,2024-2025,,20240924135120
503881,2024-2025,2029-06-30,20241010005140
503881,2025-2026,2026-06-30,20260102032652
111196,2024-2025,2025-06-30,20240927235720
111196,2025-2026,,
690429,2024-2025,2025-06-30,20241110220225
364232,2024-2025,,
154147,2024-2025,,20241009094935
154147,2025-2026,2025-09-22,20251111203039
95424,2024-2025,2026-06-30,20241105192120
95424,2025-2026,2027-06-30,20251220094556
341051,2024-2025,2025-06-30,20241105191750
341051,2025-2026,,
208379,2024-2025,,
659542,2024-2025,2029-06-30,20240813215030
659542,2025-2026,2026-06-30,20260111133240
477758,2024-2025,2031-06-30,20241010033523
477758,2025-2026,,
345458,2024-2025,2027-06-30,20240919161907
345458,2025-2026,,
203026,2024-2025,2025-06-30,20241009012929
212847,2024-2025,,
196792,2024-2025,2028-06-30,20241009083918
796213,2024-2025,2025-06-30,20240928010119
796213,2025-2026,2029-06-30,20251121110630
119211,2024-2025,,
392163,2024-2025,2023-07-14,20241110010746
296428,2024-2025,,
729264,2024-2025,,
67063,2024-2025,2026-06-30,20240925155436
67063,2025-2026,2026-06-30,20260220172253
744149,2024-2025,2029-06-30,20241007163454
744149,2025-2026,2029-06-30,20251005054405
335721,2024-2025,,
335721,2025-2026,2028-06-30,20260201134327
170527,2024-2025,2025-06-30,20241110193850
170527,2025-2026,,
168989,2024-2025,2026-06-30,20241109031800
168989,2025-2026,2026-06-30,20251027023423
208172,2024-2025,2025-06-30,20250122220949
415381,2024-2025,2029-06-30,20241113154433
415381,2025-2026,2029-06-30,20260113084059
255508,2024-2025,2028-06-30,20241009034337
255508,2025-2026,,
746833,2024-2025,,
52769,2024-2025,2025-06-30,20240926130130
709187,2024-2025,2027-06-30,20241213231134
709187,2025-2026,,
391004,2024-2025,2026-06-30,20241009174240
391004,2025-2026,2026-06-30,20251009115032
533295,2024-2025,2027-06-30,20250221121822
533295,2025-2026,2027-06-30,20260105040928
249126,2024-2025,2026-06-30,20241009055347
35047,2024-2025,,
35047,2025-2026,2026-06-30,20260204171156
193900,2024-2025,,
193900,2025-2026,2027-06-30,20260114130612
340459,2024-2025,2028-06-30,20241009134416
455661,2024-2025,,
455661,2025-2026,2031-07-01,20260110172446
297583,2024-2025,2025-06-30,20241009042929
297583,2025-2026,2025-06-30,20250909110048
937958,2024-2025,2026-06-30,20241222152630
937958,2025-2026,2031-06-30,20260118041232
111455,2024-2025,2028-06-30,20240926135841
111455,2025-2026,,
439914,2024-2025,2028-06-30,20240909110404
425902,2024-2025,,
425902,2025-2026,2028-06-30,20251004071102
845654,2024-2025,2029-06-30,20241230105755
845654,2025-2026,,
672803,2024-2025,2025-06-30,20240928084052
672803,2025-2026,2029-06-30,20251010051635
14086,2024-2025,2025-06-30,20250203092209
639712,2024-2025,2026-06-30,20240918224805
639712,2025-2026,2026-06-30,20251008220518
923831,2024-2025,2029-06-30,20241008100052
923831,2025-2026,,
659089,2024-2025,2029-06-30,20250115012955
659089,2025-2026,2030-06-30,20250824084636
344598,2024-2025,2026-06-30,20241007173348
344598,2025-2026,2026-06-30,20250909103707
1363293,2024-2025,,
145988,2024-2025,2025-06-30,20241112211329
1047097,2024-2025,2027-06-30,20241007170347
334526,2024-2025,2028-06-30,20241109062250
334526,2025-2026,2028-06-30,20260104131246
550108,2024-2025,2025-06-30,20240910023556
550108,2025-2026,,20250818205344
392085,2024-2025,,
392085,2025-2026,,
397225,2024-2025,,
397225,2025-2026,,
216872,2024-2025,,
73794,2024-2025,2026-06-30,20241113002801
73794,2025-2026,,
392569,2024-2025,2030-06-30,20250121131146
392569,2025-2026,,
433584,2024-2025,2028-06-30,20240910110621
433584,2025-2026,2026-06-30,20260128133702
883349,2024-2025,2028-06-30,20241008044852
382478,2024-2025,2027-06-30,20241225165420
382478,2025-2026,,
196813,2024-2025,2027-06-30,20240827004753
196813,2025-2026,,
496857,2024-2025,2026-06-30,20241007224941
496857,2025-2026,,
181136,2024-2025,2028-06-30,20241009121626
181136,2025-2026,2028-06-30,20251009081157
203853,2024-2025,,
203853,2025-2026,2026-06-30,20250909104342
548347,2024-2025,,
548347,2025-2026,2026-06-30,20251204040330
923832,2024-2025,,
435648,2024-2025,,
435648,2025-2026,2029-06-30,20251027033446
187097,2024-2025,2025-06-30,20240925040559
187097,2025-2026,2029-06-30,20251124100056
1144999,2024-2025,,
1144999,2025-2026,,
392966,2024-2025,2028-06-30,20241111073846
392966,2025-2026,2029-06-30,20260113014332
691841,2024-2025,,
691841,2025-2026,2024-06-30,20251119203420
1310513,2024-2025,2029-06-30,20241228154853
355628,2024-2025,2029-06-30,20241010025328
355628,2025-2026,2029-06-30,20260212215355
423440,2024-2025,2027-06-30,20240822063621
423440,2025-2026,2030-06-30,20260216024725
944427,2024-2025,,
387234,2024-2025,2025-06-30,20240822083144
367284,2024-2025,2027-06-30,20240925023043
367284,2025-2026,,
1370903,2025-2026,,
393323,2025-2026,,
960571,2025-2026,,
677057,2025-2026,2026-06-30,20251010143732
238626,2025-2026,2029-06-30,20251126172105
944355,2025-2026,,
646829,2025-2026,2026-06-30,20251123202053
452483,2025-2026,,
1081496,2025-2026,,
1134251,2025-2026,,
239647,2025-2026,2027-06-30,20251123135352
969192,2025-2026,,
1104206,2025-2026,2030-06-30,20260127205643
560417,2025-2026,,
843595,2025-2026,2026-06-30,20251211042643
668179,2025-2026,,
1193849,2025-2026,2027-06-30,20251119105344
1005583,2025-2026,2029-12-31,20251011204556
707295,2025-2026,2030-06-30,20251019213119
548729,2025-2026,2028-06-30,20260105020858
1082774,2025-2026,,
903611,2025-2026,2029-06-30,20260116030444
705063,2025-2026,2023-06-30,20251006231415
1145504,2025-2026,,
1035765,2025-2026,,20260116185808
1025582,2025-2026,2028-06-30,20251030204658
971663,2025-2026,,
526050,2025-2026,2028-06-30,20251204212945
818495,2025-2026,2030-06-30,20251003033245
990637,2025-2026,,
58864,2025-2026,2027-06-30,20251022121231
667457,2025-2026,,
1074628,2025-2026,2026-06-30,20251123123151
358143,2025-2026,2028-06-30,20251204142244
375391,2025-2026,2027-06-30,20251104152806
1200417,2025-2026,,
565424,2025-2026,,
1012731,2025-2026,,
910541,2025-2026,,
655217,2025-2026,,
503686,2025-2026,2028-06-30,20251027043509
945760,2025-2026,,
975347,2025-2026,2030-06-30,20251102085259
792331,2025-2026,2029-06-30,20260204025016
744857,2025-2026,2028-06-30,20250903231355
796589,2025-2026,,
177843,2025-2026,,
490606,2025-2026,2027-06-30,20251009175548
1254786,2025-2026,,
1088110,2025-2026,2027-06-30,20251003084143
197300,2025-2026,2027-06-30,20251219022311
632831,2025-2026,2030-06-30,20251006114155
708635,2025-2026,2028-06-30,20251002163743
160986,2025-2026,,
1191068,2025-2026,,20251114173948
203043,2025-2026,2023-06-30,20251118120745
315121,2025-2026,,
419648,2025-2026,2027-06-30,20251123084026
417278,2025-2026,,
743951,2025-2026,2027-12-31,20251011185126
459988,2025-2026,2029-06-30,20251219010632
1353609,2025-2026,,
647280,2025-2026,2028-05-31,20251010222553
293169,2025-2026,2027-06-30,20251225222436
932187,2025-2026,,
473169,2025-2026,,
903359,2025-2026,2030-06-30,20251002152256
918414,2025-2026,2028-06-30,20251102133651
1191069,2025-2026,,
267160,2025-2026,,
698678,2025-2026,,
519872,2025-2026,2025-07-08,20260217203312
1009440,2025-2026,2026-06-30,20251028070520
986291,2025-2026,,
412953,2025-2026,,
920939,2025-2026,,
1075588,2025-2026,,
798114,2025-2026,,
1210116,2025-2026,,
1155608,2025-2026,,
358003,2025-2026,,
649672,2025-2026,,
149525,2025-2026,2026-06-30,20251230123914
891923,2025-2026,2026-06-30,20251002143907
954688,2025-2026,,20260127214458
1047257,2025-2026,,
391720,2025-2026,2026-06-30,20251217014424
718201,2025-2026,,
498237,2025-2026,,
175446,2025-2026,,
340166,2025-2026,2028-06-30,20251008123219
613192,2025-2026,,
701842,2025-2026,2030-06-30,20260108144835
163639,2025-2026,2026-06-30,20251120175924
15799,2025-2026,,
1186235,2025-2026,,
1009441,2025-2026,2027-06-30,20251011113704
668167,2025-2026,,
1189317,2025-2026,2026-06-30,20251212134049
1367596,2025-2026,,
156618,2025-2026,2027-06-30,20251210041517
434551,2025-2026,,
925838,2025-2026,2029-06-30,20251229041428
250683,2025-2026,,
479648,2025-2026,,
1232057,2025-2026,2026-06-30,20251002164502
924610,2025-2026,,
1114155,2025-2026,,20260301105902
528181,2025-2026,2027-06-30,20251202162034
984096,2025-2026,,
242606,2025-2026,2027-06-30,20251116014145
340321,2025-2026,,
904723,2025-2026,2029-06-30,20251007140145
787232,2025-2026,2029-06-30,20250909141843
429915,2025-2026,,
315253,2025-2026,2027-06-30,20251014010311
949113,2025-2026,,
203938,2025-2026,,
168157,2025-2026,,
907559,2025-2026,,
1135611,2025-2026,,
1176215,2025-2026,,
1174032,2025-2026,2028-06-30,20251003225656
457674,2025-2026,2026-06-30,20251008083857
70580,2025-2026,2026-06-30,20251008211721
435493,2025-2026,,
620696,2025-2026,2028-12-31,20251230063618
1004479,2025-2026,,
344888,2025-2026,2028-06-30,20251102095803
1184007,2025-2026,,
1382453,2025-2026,,
1249340,2025-2026,,
945753,2025-2026,,
1009596,2025-2026,,
173750,2025-2026,2026-06-30,20260101052429
1111589,2025-2026,2030-06-30,20251114044542
335209,2025-2026,2030-06-30,20251122043716
1170001,2025-2026,,20251108172840
567129,2025-2026,2028-06-30,20251009102048
647435,2025-2026,,
1091562,2025-2026,,
798925,2025-2026,,
820241,2025-2026,,
1348941,2025-2026,,20260202081719
935760,2025-2026,2026-06-30,20251005195323
495839,2025-2026,,
697280,2025-2026,2026-06-30,20251113161514
1065227,2025-2026,2024-08-14,20260130121944
314367,2025-2026,2029-06-30,20251230041919
337284,2025-2026,,
581669,2025-2026,2029-06-30,20251101165638
605426,2025-2026,2028-12-31,20251002164948
743599,2025-2026,,20251016212416
284430,2025-2026,2027-06-30,20251003122527
862606,2025-2026,2027-06-30,20260101222657
1018912,2025-2026,,
1063338,2025-2026,,
1038133,2025-2026,,
1182738,2025-2026,,
1082581,2025-2026,2029-06-30,20251218171547
1127730,2025-2026,2025-12-31,20251013094806
638124,2025-2026,,
374139,2025-2026,2028-06-30,20251020230754
542452,2025-2026,2029-06-30,20251027023733
1049911,2025-2026,,
708086,2025-2026,2026-06-30,20260218183008
411537,2025-2026,2029-06-30,20260102054621
644613,2025-2026,,
462070,2025-2026,,
709380,2025-2026,,
984964,2025-2026,,
467623,2025-2026,2028-06-30,20251220003221
610428,2025-2026,2026-06-30,20251104123323
538079,2025-2026,2028-06-30,20251003122059
780548,2025-2026,2029-06-30,20260209213025
590690,2025-2026,,
1176271,2025-2026,,
463620,2025-2026,2030-06-30,20251011030536
82442,2025-2026,,
1005165,2025-2026,,
627626,2025-2026,,
985383,2025-2026,2024-12-31,20250909134338
748679,2025-2026,,
435492,2025-2026,,
709215,2025-2026,2028-06-30,20260124140021
707279,2025-2026,,
381753,2025-2026,2027-06-30,20251012060833
860053,2025-2026,2027-06-30,20251024170724
1178488,2025-2026,2026-06-30,20251130114146
671590,2025-2026,2026-06-30,20250826175442
201574,2025-2026,,
1378338,2025-2026,2028-06-30,20250913185128
1301102,2025-2026,,20251210103853
670116,2025-2026,2027-06-30,20251123210609
904802,2025-2026,2032-06-30,20260211154128
344892,2025-2026,2028-06-30,20251026144543
620164,2025-2026,2027-06-30,20251205063956
61651,2025-2026,,
1150105,2025-2026,2026-06-30,20250910170233
84993,2025-2026,2024-06-30,20251012065348
1056970,2025-2026,2028-06-30,20260101171042
1200423,2025-2026,,20260112183020
1064538,2025-2026,2028-06-30,20251002183440
543822,2025-2026,,
704155,2025-2026,,
236981,2025-2026,2026-06-30,20251022204451
612517,2025-2026,,20251218002515
678479,2025-2026,,
926978,2025-2026,,
700053,2025-2026,2028-06-30,20251109000513
515544,2025-2026,,
429790,2025-2026,2028-06-30,20251113095537
105521,2025-2026,2026-06-30,20260115194434
494237,2025-2026,2028-06-30,20251116131826
492319,2025-2026,2028-06-30,20260216153253
319301,2025-2026,,
1185887,2025-2026,2026-06-30,20251021212228
608172,2025-2026,,
432164,2025-2026,,
415194,2025-2026,2029-06-30,20251206170802
579565,2025-2026,,
432914,2025-2026,,
277533,2025-2026,,
897505,2025-2026,,
955357,2025-2026,,
361260,2025-2026,2026-06-30,20251004190655
599231,2025-2026,2029-06-30,20251207065112
106270,2025-2026,2026-06-30,20251010015739
654234,2025-2026,2029-06-30,20250826014256
369567,2025-2026,2026-06-30,20251009084608
1081995,2025-2026,,
711382,2025-2026,,
1075147,2025-2026,2028-06-30,20260210080032
816308,2025-2026,2028-06-30,20251123131226
733371,2025-2026,,
612826,2025-2026,,
578421,2025-2026,,
978668,2025-2026,,20251223132039
161057,2025-2026,,20251126072035
745461,2025-2026,2026-06-30,20260109141904
1364454,2025-2026,2029-06-30,20260211105257
84085,2025-2026,,
1380977,2025-2026,2028-06-30,20260105064214
470038,2025-2026,2026-06-30,20251011092633
921431,2025-2026,,
161011,2025-2026,2026-06-30,20251115115417
1060087,2025-2026,2025-06-30,20251022072718
481513,2025-2026,2026-06-30,20251027234237
1088199,2025-2026,2029-06-30,20251126023438
186233,2025-2026,,
795274,2025-2026,2026-06-30,20250813174931
503883,2025-2026,,
339332,2025-2026,2026-06-30,20260129075449
176553,2025-2026,2028-06-30,20251008054810
183318,2025-2026,2025-06-30,20250911084338
579930,2025-2026,2027-06-30,20251217201400
972475,2025-2026,,
314241,2025-2026,2026-06-30,20251212022559
1204163,2025-2026,2028-06-30,20251003091829
766412,2025-2026,2027-06-30,20251128090504
1294853,2025-2026,2026-06-30,20251001073213
1166473,2025-2026,,20251231051625
668212,2025-2026,,
348601,2025-2026,2027-06-30,20260115023758
553285,2025-2026,2027-06-30,20251116105910
135747,2025-2026,2026-06-30,20251023100452
1009030,2025-2026,2026-06-30,20251206202440
897651,2025-2026,,
1103652,2025-2026,,
927768,2025-2026,,
447823,2025-2026,2027-06-30,20251003024339
252677,2025-2026,,
623773,2025-2026,,
1159022,2025-2026,2029-06-30,20251111200824
984373,2025-2026,,
1179482,2025-2026,,
415035,2025-2026,,20251022044302
1453066,2025-2026,,
1226357,2025-2026,2028-06-30,20251023050622
1168219,2025-2026,2030-06-30,20260204012858
935232,2025-2026,,
1085591,2025-2026,,
225020,2025-2026,2027-06-30,20251218111436
374040,2025-2026,,
953135,2025-2026,2027-06-30,20251010000159
597000,2025-2026,2026-06-30,20251017180839
181380,2025-2026,,
967346,2025-2026,,
1107726,2025-2026,2028-06-30,20251227013948
1307004,2025-2026,,
905011,2025-2026,2030-06-30,20251204191109
203348,2025-2026,,
979551,2025-2026,2030-06-30,20251027013533
1038308,2025-2026,,
107574,2025-2026,,
649026,2025-2026,2028-06-30,20251206020116
607224,2025-2026,2028-06-30,20251205005253
1099860,2025-2026,2026-06-30,20251231155022
961297,2025-2026,2028-06-30,20251112204232
649023,2025-2026,2026-06-30,20260122065355
395234,2025-2026,,
1187942,2025-2026,2029-06-30,20250903142538
1118201,2025-2026,2026-06-30,20251007072440
1371793,2025-2026,,
1084539,2025-2026,,
1191444,2025-2026,,20250819112412
191891,2025-2026,,
943795,2025-2026,2025-12-31,20251005133709
989112,2025-2026,,
1106860,2025-2026,,
1035156,2025-2026,,
1209287,2025-2026,,
1250522,2025-2026,,
445606,2025-2026,2027-06-30,20251124171910
952282,2025-2026,2024-06-30,20251002153020
279823,2025-2026,,
618494,2025-2026,2030-06-30,20251021100913
1008570,2025-2026,,
600936,2025-2026,2027-06-30,20251101172120
916430,2025-2026,,
1185913,2025-2026,2026-06-30,20260203080306
1119880,2025-2026,2027-06-30,20251019051533
1130514,2025-2026,2027-06-30,20250815161317
679423,2025-2026,,
298603,2025-2026,2027-06-30,20251010090634
1047280,2025-2026,,
986285,2025-2026,,
1297673,2025-2026,,
900601,2025-2026,2028-06-30,20250909122035
1125079,2025-2026,2026-06-30,20251001070434
661427,2025-2026,,
802515,2025-2026,2027-06-30,20251127190225
919620,2025-2026,,
549027,2025-2026,2028-06-30,20251003125839
974581,2025-2026,,
448177,2025-2026,2028-06-30,20250909110839
980575,2025-2026,2029-06-30,20251226102137
548254,2025-2026,,
750878,2025-2026,,
1077674,2025-2026,,
1170718,2025-2026,,
1089770,2025-2026,2028-06-30,20251121211559
626953,2025-2026,,
282939,2025-2026,2027-06-30,20250915054323
1045123,2025-2026,2026-06-30,20251031224740
406632,2025-2026,,
1105810,2025-2026,,
1081907,2025-2026,,
413605,2025-2026,,
539795,2025-2026,,20251118090549
1385448,2025-2026,,
1309324,2025-2026,,
985546,2025-2026,,
433887,2025-2026,,
605265,2025-2026,,20251119130736
972465,2025-2026,2030-06-30,20250910175202
1110406,2025-2026,,
1038512,2025-2026,,
361256,2025-2026,,
593482,2025-2026,,
1052439,2025-2026,2026-06-30,20251102121816
810411,2025-2026,2027-06-30,20251211041220
1064871,2025-2026,2030-06-30,20251022221219
591957,2025-2026,2029-06-30,20251003005139
819636,2025-2026,2029-06-30,20251111210101
107219,2025-2026,2027-06-30,20260211175709
834397,2025-2026,2026-06-30,20250819064614
1124136,2025-2026,,
1113451,2025-2026,,
1371830,2025-2026,2026-06-30,20250905165554
1175410,2025-2026,2028-06-30,20251003005251
412935,2025-2026,2027-06-30,20251103192403
992569,2025-2026,,20250910232636
694507,2025-2026,,
628365,2025-2026,2026-06-30,20251228072430
377243,2025-2026,,
369962,2025-2026,,
122153,2025-2026,,
698164,2025-2026,,
1018395,2025-2026,2027-06-30,20251022210214
844637,2025-2026,,
449592,2025-2026,2026-06-30,20251007034021
599733,2025-2026,,20251010063037
707230,2025-2026,,
448705,2025-2026,2026-06-30,20250825101727
518644,2025-2026,2026-06-30,20250828223506
997478,2025-2026,,
846254,2025-2026,,
268327,2025-2026,2027-06-30,20251021102849
909758,2025-2026,2030-06-30,20260102034529
1012564,2025-2026,2028-12-31,20260119160949
1074990,2025-2026,,
834491,2025-2026,,
293388,2025-2026,,
603696,2025-2026,,
692070,2025-2026,2029-06-30,20251002212255
743515,2025-2026,,
895326,2025-2026,,
1010856,2025-2026,2028-06-30,20251004034206
860078,2025-2026,,20251028124907
225452,2025-2026,,
297212,2025-2026,2028-06-30,20260115204312
646991,2025-2026,,
256678,2025-2026,,
892932,2025-2026,,
911224,2025-2026,2027-06-30,20250902033605
741142,2025-2026,,
80197,2025-2026,,
628886,2025-2026,2028-06-30,20260202133905
652331,2025-2026,,
999743,2025-2026,,
162959,2025-2026,2026-06-30,20251008231420
1213681,2025-2026,,
340394,2025-2026,2026-06-30,20251023114423
272642,2025-2026,,
986310,2025-2026,,
582664,2025-2026,,
1186244,2025-2026,,
1111776,2025-2026,2027-06-30,20251024150850
1497653,2025-2026,2026-06-30,20260105204609
268642,2025-2026,2025-12-31,20251129131850
1000675,2025-2026,2029-06-30,20250910092813
710885,2025-2026,,
190685,2025-2026,,
1118293,2025-2026,2026-06-30,20260114154640
820957,2025-2026,,20260209073106
1045986,2025-2026,2026-06-30,20251123210507
851220,2025-2026,2027-06-30,20251204053948
449597,2025-2026,2026-06-30,20250828231710
1162968,2025-2026,,
617755,2025-2026,,
1144627,2025-2026,2028-06-30,20250915172439
604113,2025-2026,2028-06-30,20260311011647
955354,2025-2026,,
371436,2025-2026,2029-06-30,20251003225642
396638,2025-2026,2026-06-30,20251003141950
1052420,2025-2026,,
704270,2025-2026,2026-06-30,20251203192601
148372,2025-2026,,
409344,2025-2026,2026-06-30,20260106075829
1058520,2025-2026,,
410708,2025-2026,2027-06-30,20260103194905
464195,2025-2026,,
595650,2025-2026,2029-06-30,20251104071342
668207,2025-2026,2030-06-30,20251004020436
500053,2025-2026,,
796865,2025-2026,2029-06-30,20251003232154
668606,2025-2026,,20251003154030
955359,2025-2026,2028-06-30,20250908081717
1322090,2025-2026,,
671108,2025-2026,,
320748,2025-2026,2027-06-30,20250909115335
496706,2025-2026,2027-06-30,20251128094158
489359,2025-2026,2028-06-30,20260115221138
743384,2025-2026,2030-06-30,20251020010441
549378,2025-2026,2027-12-31,20251222060400
472249,2025-2026,2028-06-30,20251116120625
467437,2025-2026,2030-06-30,20251103164953
420213,2025-2026,2026-06-30,20251113111427
470394,2025-2026,2030-06-30,20260118191028
1009765,2025-2026,,
227110,2025-2026,,
129674,2025-2026,,
998101,2025-2026,2028-06-30,20260112234848
1178489,2025-2026,2028-06-30,20251104195327
335516,2025-2026,,
566799,2025-2026,2030-06-30,20251003183245
975336,2025-2026,,20251004005839
475410,2025-2026,2030-06-30,20251229191042
381963,2025-2026,2028-06-30,20251225163208
344886,2025-2026,,
950091,2025-2026,2030-06-30,20260219065441
394236,2025-2026,,
569845,2025-2026,2029-06-30,20251003033619
889435,2025-2026,,
928037,2025-2026,,
1234988,2025-2026,2029-06-30,20251016211137
652054,2025-2026,2029-06-30,20250908142351
124419,2025-2026,,
746891,2025-2026,,
1200427,2025-2026,2028-06-30,20251016205933
989621,2025-2026,2028-06-30,20260204114408
892160,2025-2026,2026-06-30,20260109230155
196095,2025-2026,2027-06-30,20250823171457
1153630,2025-2026,,
829299,2025-2026,2029-06-30,20251224194707
263361,2025-2026,2026-06-30,20251009234844
226049,2025-2026,2026-06-30,20250910145221
221958,2025-2026,,
415970,2025-2026,2028-06-30,20251204234205
991054,2025-2026,2029-06-30,20250831054125
1151929,2025-2026,2030-06-30,20260224172318
717118,2025-2026,2026-06-30,20260107175804
1228317,2025-2026,,20251031104922
1291929,2025-2026,,20251026195417
131075,2024-2025,2025-06-30,20241008114535
131075,2025-2026,2026-06-30,20251008175930
650999,2024-2025,,
607034,2024-2025,2027-06-30,20241003074656
607034,2025-2026,2029-06-30,20251003132028
393512,2024-2025,,
393512,2025-2026,,
1004708,2024-2025,2026-06-30,20241022154514
1004708,2025-2026,2029-06-30,20260212040402
709997,2024-2025,2025-06-30,20250121011317
449496,2024-2025,,
361914,2024-2025,,
361914,2025-2026,2030-06-30,20251022094101
203746,2024-2025,2028-06-30,20250520130348
203746,2025-2026,,
1077175,2024-2025,2027-06-30,20240912145715
1077175,2025-2026,,
178313,2024-2025,,
358250,2024-2025,2025-05-30,20250130145119
358250,2025-2026,,
501049,2024-2025,,20250114120014
986261,2024-2025,,
1367276,2024-2025,2027-06-30,20250603005510
578391,2024-2025,,
578391,2025-2026,2030-06-30,20251013171546
88647,2024-2025,2024-07-04,20241009160636
748319,2024-2025,,
748319,2025-2026,,
353032,2024-2025,2028-06-30,20241212112753
353032,2025-2026,,
15452,2024-2025,,
15452,2025-2026,,
241229,2024-2025,2025-06-30,20250221204014
635645,2024-2025,,
635645,2025-2026,2029-06-30,20250909103243
344072,2024-2025,,
344072,2025-2026,2028-06-30,20250909130354
933900,2024-2025,,
933900,2025-2026,2029-06-30,20251023085518
1010854,2024-2025,2026-06-30,20240923161602
1010854,2025-2026,,
354482,2024-2025,2028-06-30,20250307135513
354482,2025-2026,2028-06-30,20251022191832
746910,2024-2025,,
746910,2025-2026,2029-06-30,20250913214002
925848,2024-2025,2028-06-30,20241113012336
260827,2024-2025,2029-06-30,20241008064305
260827,2025-2026,2029-06-30,20251118131439
354361,2024-2025,2025-06-30,20241105191753
354361,2025-2026,2027-06-30,20260215012039
1186789,2024-2025,,
533662,2024-2025,,
371686,2024-2025,,
371686,2025-2026,,
120629,2024-2025,2027-06-30,20240927211822
120629,2025-2026,2027-06-30,20260103181257
488626,2024-2025,2026-06-30,20241008034744
488626,2025-2026,,
719720,2024-2025,2025-06-30,20250416080122
250426,2024-2025,,
250426,2025-2026,,
41384,2024-2025,2025-06-30,20241008234505
480267,2024-2025,2026-06-30,20241008114013
480267,2025-2026,,
245744,2024-2025,,
245744,2025-2026,,
857818,2024-2025,2030-06-30,20241008113143
857818,2025-2026,2026-06-30,20260218181432
543771,2024-2025,2028-06-30,20240916201503
543771,2025-2026,,
372713,2024-2025,2026-06-30,20241007122059
452068,2024-2025,,
938146,2024-2025,2027-06-30,20241009141533
1337084,2024-2025,,
916920,2024-2025,,
901019,2024-2025,2027-06-30,20240821013333
901019,2025-2026,2030-06-30,20251101093135
387626,2024-2025,2027-06-30,20240928014732
387626,2025-2026,2026-06-30,20251007052302
1170286,2024-2025,2027-06-30,20250219124248
1170286,2025-2026,2027-06-30,20251027032356
361065,2024-2025,2025-06-30,20241225111933
361065,2025-2026,,
641537,2024-2025,2028-06-30,20241013065837
641537,2025-2026,2028-06-30,20251002214346
296422,2024-2025,,
296422,2025-2026,2026-06-30,20251024005116
575998,2024-2025,2028-06-30,20240816135414
575998,2025-2026,2028-06-30,20260130224338
62351,2024-2025,,
62351,2025-2026,2026-06-30,20251204070950
292818,2024-2025,,
923945,2024-2025,2027-06-30,20250120190000
923945,2025-2026,,
176139,2024-2025,2026-06-30,20241113060803
849410,2024-2025,2025-06-30,20241105191824
849410,2025-2026,,
887638,2024-2025,2026-06-30,20241227165024
887638,2025-2026,2030-06-30,20250827060509
461883,2024-2025,,
461883,2025-2026,,
336077,2024-2025,2027-06-30,20241211090936
336077,2025-2026,,
243028,2024-2025,2027-06-30,20240913130033
829838,2024-2025,,
829838,2025-2026,,
1164331,2024-2025,2028-06-30,20250120150145
1164331,2025-2026,,
282349,2024-2025,,
807688,2024-2025,,
807688,2025-2026,,
423444,2024-2025,,
423444,2025-2026,2026-06-30,20260117075957
628366,2024-2025,2028-06-30,20241009230353
628366,2025-2026,,
431190,2024-2025,2026-06-30,20250121025649
431190,2025-2026,2026-06-30,20251230235949
919515,2024-2025,2029-06-30,20250114133451
919515,2025-2026,,
290532,2024-2025,2027-06-30,20241112233537
354362,2024-2025,2026-06-30,20241007161009
354362,2025-2026,2025-10-03,20251113134213
136401,2024-2025,2027-06-30,20241118153022
136401,2025-2026,,
338425,2024-2025,2027-06-30,20241225130656
338425,2025-2026,,
371816,2024-2025,,
433984,2024-2025,,
433984,2025-2026,,
364258,2024-2025,2025-06-30,20241008171501
364258,2025-2026,,
124555,2024-2025,,
124555,2025-2026,2025-06-30,20260116054041
495621,2024-2025,2027-06-30,20240814040632
495621,2025-2026,,
566613,2024-2025,,
12282,2024-2025,2026-06-30,20241008084006
12282,2025-2026,2026-06-30,20251221224302
579263,2024-2025,,
412932,2024-2025,,
661207,2024-2025,2029-06-30,20241105192032
661207,2025-2026,,
475413,2024-2025,,
475413,2025-2026,2028-06-30,20251111231330
216569,2024-2025,,
216569,2025-2026,2027-06-30,20251202104544
827734,2024-2025,,
827734,2025-2026,2030-06-30,20251006191805
645686,2024-2025,,
645686,2025-2026,2025-04-07,20251003234944
266359,2024-2025,2027-06-30,20241119220235
541555,2024-2025,2029-05-30,20250114172121
541555,2025-2026,,
357796,2024-2025,2025-06-30,20241007173351
357796,2025-2026,,
187492,2024-2025,,
187492,2025-2026,2026-06-30,20260114222836
338629,2024-2025,2026-06-30,20241008164701
338629,2025-2026,,
324223,2024-2025,,
569457,2024-2025,,
381706,2024-2025,2026-12-31,20250125051157
116088,2024-2025,2026-06-30,20241113164812
116088,2025-2026,,
341317,2024-2025,,
341317,2025-2026,2023-06-30,20251225130619
731525,2024-2025,2029-06-30,20241009170413
255731,2024-2025,2026-06-30,20240909202442
333647,2024-2025,2027-06-30,20241220161204
333647,2025-2026,2030-06-30,20260202135527
638964,2024-2025,,
258039,2024-2025,2025-06-30,20241119002406
258039,2025-2026,,
465955,2024-2025,,
1180835,2024-2025,2025-06-30,20250422114227
918969,2024-2025,2029-06-30,20241113110541
918969,2025-2026,2029-06-30,20251028040915
459658,2024-2025,,
459658,2025-2026,,
459151,2024-2025,,
459151,2025-2026,2029-06-30,20250918134717
1179130,2024-2025,,20250121030928
924800,2024-2025,2027-06-30,20241009053025
924800,2025-2026,,
395237,2024-2025,2029-06-30,20250113184856
395237,2025-2026,,
342226,2024-2025,2025-06-30,20240928101218
443222,2024-2025,,
397676,2024-2025,2027-06-30,20241008044448
397676,2025-2026,,
711625,2024-2025,2025-06-30,20241105191802
711625,2025-2026,,
459763,2024-2025,,
459763,2025-2026,2028-06-30,20251117105256
545647,2024-2025,,
545647,2025-2026,2029-06-30,20260107124551
138927,2024-2025,2026-06-30,20241125015023
138927,2025-2026,2026-06-30,20251228121641
190280,2024-2025,2026-06-30,20240925134304
190280,2025-2026,,
100131,2024-2025,,
636695,2024-2025,,
636695,2025-2026,,
389837,2024-2025,2025-06-30,20241222070201
389837,2025-2026,,
425334,2024-2025,2027-06-30,20240928075603
425334,2025-2026,2027-06-30,20251003044321
319745,2024-2025,2027-06-30,20241105192013
319745,2025-2026,2027-06-30,20251223060747
384859,2024-2025,,
384859,2025-2026,2027-06-30,20250909134248
251075,2024-2025,2026-06-30,20240928084321
251075,2025-2026,2026-06-30,20260227085157
197751,2024-2025,2026-06-30,20241111164006
303219,2024-2025,2028-06-30,20240928144251
303219,2025-2026,,
855015,2024-2025,,
855015,2025-2026,2028-06-30,20250912162127
660342,2024-2025,,
401922,2024-2025,2028-06-30,20241112131220
401922,2025-2026,2026-06-30,20251203062656
918251,2024-2025,2025-06-30,20250121030204
528892,2024-2025,2025-05-31,20250131072324
384593,2024-2025,,
384593,2025-2026,,
175639,2024-2025,,
175639,2025-2026,,
964087,2024-2025,,20250221043937
128901,2024-2025,2026-06-30,20241009234349
85177,2024-2025,2025-06-30,20241008032224
85177,2025-2026,,
469050,2024-2025,,
469050,2025-2026,2029-06-30,20251009072320
68390,2024-2025,2025-06-30,20241008153945
68390,2025-2026,2026-06-30,20260113225841
487843,2024-2025,,
487843,2025-2026,,
614258,2024-2025,2029-06-30,20240815170847
614258,2025-2026,,
487474,2024-2025,2025-06-30,20241105191906
487474,2025-2026,2030-06-30,20260112183427
401571,2024-2025,,
292820,2024-2025,,
341713,2024-2025,,
249089,2024-2025,2028-06-30,20240815170909
249089,2025-2026,2028-06-30,20250904170420
74869,2024-2025,,
74869,2025-2026,,
834463,2024-2025,2028-06-30,20250221093634
618425,2024-2025,,
627228,2024-2025,,
627228,2025-2026,2030-06-30,20260128115627
216599,2024-2025,,
91970,2024-2025,2025-06-30,20241113002423
91970,2025-2026,2026-06-30,20251116090002
284857,2024-2025,2028-06-30,20241109031255
284857,2025-2026,2028-06-30,20260215184709
544148,2024-2025,2028-06-30,20240928012732
182889,2024-2025,2025-06-30,20241215012835
495667,2024-2025,2029-06-30,20250124154224
495667,2025-2026,,
585700,2024-2025,,
596446,2024-2025,,
574385,2024-2025,2028-06-30,20241008180429
121477,2024-2025,2025-06-30,20240928004010
427572,2024-2025,2028-06-30,20241007182701
88755,2024-2025,2025-06-30,20241010042803
88755,2025-2026,2027-06-30,20260210120908
435772,2024-2025,2027-06-30,20241225161640
435772,2025-2026,,
33571,2024-2025,2025-06-30,20241113003120
33571,2025-2026,,
186186,2024-2025,2027-06-30,20240913155814
490384,2024-2025,,
490384,2025-2026,2030-06-30,20260209035550
519184,2024-2025,2027-06-30,20241008103444
170961,2024-2025,,
170961,2025-2026,2027-06-30,20251119203719
747009,2024-2025,,
747009,2025-2026,,
475188,2024-2025,2029-06-30,20250122035953
475188,2025-2026,2030-06-30,20251104051639
1061282,2024-2025,,
1061282,2025-2026,2029-06-30,20251031021650
301238,2024-2025,,
301238,2025-2026,,
876631,2024-2025,,
876631,2025-2026,2030-06-30,20251003010452
694509,2024-2025,2028-06-30,20240821010146
694509,2025-2026,,
258004,2024-2025,2027-06-30,20241105191952
258004,2025-2026,2029-06-30,20260201192500
490426,2024-2025,2025-06-30,20241009074435
490426,2025-2026,2026-06-30,20251021120348
314678,2024-2025,2027-06-30,20241105192531
314678,2025-2026,,
645774,2024-2025,,20240924152411
645774,2025-2026,,20251002143836
671649,2024-2025,,
856479,2024-2025,,
94308,2024-2025,2025-06-30,20240813004325
94308,2025-2026,,
358504,2024-2025,,20240821223740
358504,2025-2026,,
387047,2024-2025,2024-10-27,20250119073639
387047,2025-2026,,
171679,2024-2025,2026-06-30,20241110235126
171679,2025-2026,2026-06-30,20251010054800
862297,2024-2025,2028-06-30,20241113092521
1296876,2024-2025,2029-06-30,20250308000349
1296876,2025-2026,,
524937,2024-2025,,
497291,2024-2025,2028-06-30,20241008232952
497291,2025-2026,2028-06-30,20251003122931
543387,2024-2025,2029-06-30,20241008023250
127187,2024-2025,,
433183,2024-2025,,
822958,2024-2025,2028-06-30,20240914110640
125103,2024-2025,2026-06-30,20241002205750
232418,2024-2025,2026-06-30,20240928135452
344864,2024-2025,2025-06-30,20250131073652
257376,2024-2025,2026-06-30,20241204172519
257376,2025-2026,,
854097,2024-2025,,20250121024728
934878,2024-2025,,20241101182937
934878,2025-2026,2029-06-30,20251115150805
190284,2024-2025,2024-03-25,20241114055716
190284,2025-2026,,
361068,2024-2025,,
361068,2025-2026,,
603891,2024-2025,,
357003,2024-2025,2029-06-30,20241008213356
69633,2024-2025,2025-06-30,20250211094822
69633,2025-2026,,20250901135042
538918,2024-2025,,
538918,2025-2026,,
395522,2024-2025,2028-06-30,20240925200316
395522,2025-2026,2028-06-30,20251111201456
967319,2024-2025,2030-06-30,20250118141936
967319,2025-2026,2030-06-30,20251026070029
1038950,2024-2025,,
1038950,2025-2026,2029-06-30,20260204163035
711337,2024-2025,,20240816172314
711337,2025-2026,2029-06-30,20260130194805
1171764,2024-2025,,20250505211427
707359,2024-2025,,
29692,2024-2025,2025-06-30,20241008164219
479999,2024-2025,2027-06-30,20241008223948
479999,2025-2026,,20250824071808
555076,2024-2025,,
555076,2025-2026,2026-06-30,20251203193327
247555,2024-2025,2025-06-30,20240929001511
232895,2024-2025,,
880245,2024-2025,,
880245,2025-2026,,20250829095520
720518,2024-2025,,
720518,2025-2026,,
182893,2024-2025,,
182893,2025-2026,2029-06-30,20251120180215
480763,2024-2025,2026-06-30,20241007205320
480763,2025-2026,,
1055220,2024-2025,,
282700,2024-2025,,
170472,2024-2025,2027-06-30,20250613215901
170472,2025-2026,,
146795,2024-2025,,
148252,2024-2025,2026-06-30,20241109043602
148252,2025-2026,2026-06-30,20251206162542
323167,2024-2025,2026-06-30,20240928010449
323167,2025-2026,2029-06-30,20260114235129
1040080,2024-2025,2028-06-30,20250531153344
434675,2024-2025,2028-06-30,20241105191902
434675,2025-2026,,
448628,2024-2025,,
448628,2025-2026,2026-06-30,20260201043848
1112449,2024-2025,2026-06-30,20241202102353
1112449,2025-2026,2027-06-30,20260108165128
126751,2024-2025,2027-06-30,20250524155501
126751,2025-2026,,
531949,2024-2025,,
531949,2025-2026,2025-12-31,20251119164210
192616,2024-2025,2028-06-30,20241205014522
192616,2025-2026,2028-06-30,20251022093229
717585,2024-2025,,
195488,2024-2025,2027-06-30,20241010014712
195488,2025-2026,2027-06-30,20251229123853
463613,2024-2025,,
463613,2025-2026,2027-06-30,20251016205637
936874,2024-2025,,
936874,2025-2026,2026-06-30,20260215220057
276896,2024-2025,2025-06-30,20241110030043
242940,2024-2025,,
242940,2025-2026,,
244192,2024-2025,,
263918,2024-2025,2029-06-30,20241004164755
263918,2025-2026,,
221025,2024-2025,2026-06-30,20241007174914
221025,2025-2026,2026-06-30,20251004112514
957461,2024-2025,,
606718,2024-2025,,
606718,2025-2026,2029-06-30,20251009195239
422460,2024-2025,,
175449,2024-2025,2027-06-30,20241008021145
175449,2025-2026,,
955448,2024-2025,2025-06-30,20240901025507
955448,2025-2026,2029-06-30,20251102171042
256178,2024-2025,2027-06-30,20241105191931
256178,2025-2026,2027-06-30,20251021145522
106405,2024-2025,,
106405,2025-2026,,
432772,2024-2025,,
316884,2024-2025,,
316884,2025-2026,2029-06-30,20251101200034
125781,2024-2025,2026-06-30,20241113001346
125781,2025-2026,2027-06-30,20260220192742
922693,2024-2025,2030-06-30,20241110191609
922693,2025-2026,2030-06-30,20260211232937
392757,2024-2025,2026-06-30,20241007151958
392757,2025-2026,2026-06-30,20251002154225
500689,2024-2025,2028-06-30,20241223001411
500689,2025-2026,,
691786,2024-2025,2025-06-30,20241111214643
691786,2025-2026,,
834764,2024-2025,,
834764,2025-2026,2029-06-30,20251120162000
354352,2024-2025,2026-06-30,20240828003450
354352,2025-2026,,
520624,2024-2025,2028-06-30,20241105191824
520624,2025-2026,,
1054429,2024-2025,,
1119453,2024-2025,2028-06-30,20250427071301
1119453,2025-2026,,
495629,2024-2025,,
938158,2024-2025,2029-06-30,20241223201715
938158,2025-2026,2029-06-30,20260201132409
620322,2024-2025,,
620322,2025-2026,2030-06-30,20260217123217
340205,2024-2025,,
340205,2025-2026,2028-06-30,20251019041333
223725,2024-2025,2026-06-30,20241007173346
398073,2024-2025,2026-06-30,20241009111839
398073,2025-2026,2029-06-30,20260129012341
610581,2024-2025,,
370683,2024-2025,2026-06-30,20250222173040
370683,2025-2026,,
228444,2024-2025,2026-06-30,20241112202202
372711,2024-2025,,
288323,2024-2025,2025-05-31,20240831045517
400536,2024-2025,2028-06-30,20240925132153
400536,2025-2026,,
1146029,2024-2025,,
348623,2024-2025,,
503075,2024-2025,,
503075,2025-2026,,
55508,2024-2025,,
84938,2024-2025,2026-06-30,20240929042034
48015,2024-2025,,
48015,2025-2026,,
620217,2024-2025,,20241009234530
620217,2025-2026,2028-06-30,20251009091626
207014,2024-2025,2025-06-30,20241008163559
207014,2025-2026,,
392768,2024-2025,2026-06-30,20240929000309
392768,2025-2026,2028-06-30,20250830213721
278359,2024-2025,2025-06-30,20250115002749
278359,2025-2026,,
390688,2024-2025,2026-06-30,20241007210924
390688,2025-2026,2026-06-30,20251003201607
1004834,2024-2025,,20241113125841
1004834,2025-2026,2029-06-30,20251101184020
581672,2024-2025,,
581672,2025-2026,2026-06-30,20251003105411
134294,2024-2025,2025-06-30,20241008131530
470794,2024-2025,2027-06-30,20240912163746
470794,2025-2026,,
349066,2024-2025,2028-06-30,20241217171453
349066,2025-2026,2031-06-30,20260118163828
462823,2024-2025,2028-06-30,20241219201438
462823,2025-2026,2028-06-30,20251002183434
355816,2024-2025,,
472423,2024-2025,2028-06-30,20241008230306
472423,2025-2026,2028-06-30,20260210225147
249157,2024-2025,2025-06-30,20241112231957
319859,2024-2025,2026-06-30,20240928003016
319859,2025-2026,2026-06-30,20260108004759
460245,2024-2025,2025-06-30,20241109071346
460245,2025-2026,2027-06-30,20251031141255
1126894,2024-2025,,20250112163505
121985,2024-2025,2025-06-30,20240924215615
121985,2025-2026,,
126737,2024-2025,,
126737,2025-2026,2027-06-30,20260213004640
149928,2024-2025,2025-06-30,20241007174007
500054,2024-2025,2025-06-30,20241113022615
58995,2024-2025,,
58995,2025-2026,,20251003024849
388125,2024-2025,2027-06-30,20240928010124
413220,2024-2025,2026-06-30,20250123072045
413220,2025-2026,,
884820,2024-2025,2028-06-30,20250220163533
884820,2025-2026,,
649452,2024-2025,2025-06-30,20241113213111
585323,2024-2025,,
585323,2025-2026,,
1044893,2024-2025,,
986298,2024-2025,2026-06-30,20241003074635
232320,2024-2025,,
232320,2025-2026,,
160938,2024-2025,2027-06-30,20240918080116
160938,2025-2026,,
654982,2024-2025,2028-06-30,20240830033458
654982,2025-2026,,
103565,2024-2025,,
405686,2024-2025,,
405686,2025-2026,2026-06-30,20251119203655
124410,2024-2025,2025-06-30,20240928213925
124410,2025-2026,,
251322,2024-2025,2028-06-30,20241007214947
251322,2025-2026,2028-06-30,20251010012105
118847,2024-2025,2028-06-30,20250411144645
118847,2025-2026,,
415383,2024-2025,2028-06-30,20241007103141
415383,2025-2026,,
357119,2024-2025,2026-06-30,20241105191908
357119,2025-2026,2026-06-30,20250913125405
1130445,2024-2025,2027-06-30,20250121031404
1178474,2024-2025,,
921655,2024-2025,2029-06-30,20240907110020
921655,2025-2026,2030-06-30,20260217020757
644771,2024-2025,,
644771,2025-2026,,
411975,2024-2025,,
411975,2025-2026,2030-06-30,20260201054553
955449,2024-2025,,
902573,2024-2025,2028-06-30,20250411123450
525140,2024-2025,2028-06-30,20250114232400
525140,2025-2026,,
434224,2024-2025,2029-06-30,20241008131440
434224,2025-2026,2029-06-30,20251023100337
610190,2024-2025,2029-06-30,20241010085951
357117,2024-2025,2027-06-30,20250120054048
85791,2024-2025,,
939374,2024-2025,,
939374,2025-2026,2029-06-30,20260112182137
174196,2024-2025,2025-06-30,20241008105314
174196,2025-2026,2027-06-30,20251231173008
504148,2024-2025,2026-06-30,20250609113601
504148,2025-2026,2028-06-30,20250905024722
343463,2024-2025,,
320271,2024-2025,,
320271,2025-2026,,
357156,2024-2025,,20240927211836
357156,2025-2026,2026-06-30,20251009165650
127108,2024-2025,2027-06-30,20241007180111
127108,2025-2026,,
346707,2024-2025,2025-06-30,20241105191746
346707,2025-2026,2029-06-30,20251103003944
857830,2024-2025,,
245056,2024-2025,2027-06-30,20241109224632
245056,2025-2026,2027-06-30,20251026112624
294057,2024-2025,2028-06-30,20241112130627
294057,2025-2026,2028-06-30,20251103100835
278531,2024-2025,2028-06-30,20241112224211
278531,2025-2026,,
625657,2024-2025,,
625657,2025-2026,,
439022,2024-2025,2027-06-30,20241105191945
439022,2025-2026,,
618813,2024-2025,,
618813,2025-2026,2029-06-30,20251204211126
1134878,2024-2025,,
341278,2024-2025,2026-06-30,20241008120434
341278,2025-2026,,
705395,2024-2025,2025-06-30,20241107011241
705395,2025-2026,,
127142,2024-2025,2025-06-30,20241009072135
471474,2024-2025,2026-06-30,20241008034852
536508,2024-2025,,
536508,2025-2026,,
603940,2024-2025,,
605268,2024-2025,2029-06-30,20241007153122
605268,2025-2026,,20250912164315
74683,2024-2025,2026-06-30,20240928144911
74683,2025-2026,,
568693,2024-2025,2030-06-30,20241110201336
568693,2025-2026,2030-06-30,20251116112605
217115,2024-2025,2025-06-30,20240831004758
217115,2025-2026,2028-06-30,20251026191710
583199,2024-2025,2026-06-30,20241105192109
583199,2025-2026,2030-06-30,20251216091808
193116,2024-2025,,
193116,2025-2026,,
95976,2024-2025,,
255906,2024-2025,2027-06-30,20240822004739
332697,2024-2025,2026-06-30,20250214100755
332697,2025-2026,2026-06-30,20251104005338
488755,2024-2025,,
74810,2024-2025,,
474800,2024-2025,,
474800,2025-2026,,
914934,2024-2025,,
914934,2025-2026,,
111051,2024-2025,2025-06-30,20240926200417
557613,2024-2025,,
557613,2025-2026,,
522223,2024-2025,2024-08-22,20250221221835
522223,2025-2026,,
449151,2024-2025,,
449151,2025-2026,,
139304,2024-2025,,
139304,2025-2026,2026-06-30,20251010215412
100986,2024-2025,2026-06-30,20240925182015
100986,2025-2026,2026-06-30,20251025214633
982097,2024-2025,2027-06-30,20241105191758
982097,2025-2026,2027-06-30,20251211151252
76158,2024-2025,2026-06-30,20241009053636
808664,2024-2025,2026-06-30,20241228111700
810909,2024-2025,2026-06-30,20241207140508
810909,2025-2026,,
535469,2024-2025,2027-06-30,20241009001259
413507,2024-2025,2029-06-30,20240821050906
413507,2025-2026,,
257474,2024-2025,,
257474,2025-2026,,
922769,2024-2025,,
922769,2025-2026,2029-06-30,20250909125126
401530,2024-2025,2028-06-30,20241007204100
401530,2025-2026,2028-06-30,20260310193725
55735,2024-2025,2026-06-30,20241113003427
55735,2025-2026,2026-06-30,20251008222717
974894,2024-2025,,
733576,2024-2025,2026-06-30,20241219113532
733576,2025-2026,2030-06-30,20250915013801
222859,2024-2025,2025-06-30,20240927234240
1011147,2024-2025,2027-06-30,20241110193015
123551,2024-2025,2026-06-30,20241112132101
1086636,2024-2025,2025-06-30,20250114145653
646750,2024-2025,2026-06-30,20241113033758
646750,2025-2026,,
651569,2024-2025,,
651569,2025-2026,2028-06-30,20251204043808
716276,2024-2025,,
716276,2025-2026,2030-06-30,20251016024201
467720,2024-2025,2025-06-30,20241010045442
347253,2024-2025,,
904662,2024-2025,,
904662,2025-2026,2028-06-30,20251203024015
670848,2024-2025,,20241113025311
1016015,2024-2025,,
1016015,2025-2026,2028-06-30,20251004120350
238639,2024-2025,2027-06-30,20241008083726
43824,2024-2025,2027-06-30,20250123121844
580195,2024-2025,,
580195,2025-2026,2030-06-30,20260119070621
371141,2024-2025,,
371141,2025-2026,2026-06-30,20260104011145
986262,2024-2025,,20241210090727
662242,2024-2025,,
662242,2025-2026,2026-06-30,20251119203836
659520,2024-2025,2026-06-30,20241228110547
659520,2025-2026,2026-06-30,20250815035329
651005,2024-2025,,
651005,2025-2026,2029-06-30,20251023113417
365108,2024-2025,2027-06-30,20241109054010
365108,2025-2026,2030-06-30,20251024170708
848682,2024-2025,2029-06-30,20241007133849
848682,2025-2026,2026-06-30,20251029002648
340325,2024-2025,2025-06-30,20241009112053
340325,2025-2026,,
17259,2024-2025,,
17259,2025-2026,2026-06-30,20260215074112
278332,2024-2025,2027-06-30,20240826234717
278332,2025-2026,2027-06-30,20251218170628
451906,2024-2025,2026-06-30,20241009105213
358032,2024-2025,,
358032,2025-2026,2026-06-30,20251207193110
314288,2024-2025,,
314288,2025-2026,2027-06-30,20251014110343
457736,2024-2025,2029-06-30,20241110004602
457736,2025-2026,2029-06-30,20251004182326
340324,2024-2025,2029-06-30,20241007094723
340324,2025-2026,,
668276,2024-2025,,
1027557,2024-2025,,
568333,2024-2025,2029-06-30,20250128095142
568333,2025-2026,,
293385,2024-2025,,
293385,2025-2026,,
75458,2024-2025,2025-06-30,20240925151241
507344,2024-2025,2028-06-30,20241109024037
711996,2024-2025,2025-06-30,20240927175936
711996,2025-2026,,
621993,2024-2025,2025-06-30,20250124112233
621993,2025-2026,,
656441,2024-2025,,
656441,2025-2026,,
272855,2024-2025,2026-06-30,20241205114840
613393,2024-2025,,
613393,2025-2026,2026-06-30,20251006203213
933908,2024-2025,2025-06-30,20250412061616
933908,2025-2026,,
646698,2024-2025,,
247915,2024-2025,2027-06-30,20241109050527
364409,2024-2025,,
364409,2025-2026,,
890385,2024-2025,2027-06-30,20241109104311
890385,2025-2026,,
1009766,2024-2025,2026-06-30,20250104190827
358165,2024-2025,2025-06-30,20240928011558
399543,2024-2025,2025-06-30,20250124201110
401578,2024-2025,2028-06-30,20241007190728
401578,2025-2026,2030-06-30,20251103172350
205938,2024-2025,,
205938,2025-2026,,
792380,2024-2025,2029-06-30,20241002205735
792380,2025-2026,2029-06-30,20251102143506
424015,2024-2025,,
424015,2025-2026,2027-06-30,20251009025502
65278,2024-2025,2025-06-30,20241009194737
65278,2025-2026,2026-06-30,20251003051215
599663,2024-2025,2028-06-30,20240928020222
599663,2025-2026,2026-06-30,20260226184606
314965,2024-2025,,
622988,2024-2025,,
622988,2025-2026,2029-06-30,20251210023615
527698,2024-2025,2027-06-30,20250129223851
240675,2024-2025,,
240675,2025-2026,,20251211110620
318523,2024-2025,2029-06-30,20240821231115
318523,2025-2026,2028-06-30,20250906082147
110923,2024-2025,2027-06-30,20241023133636
110923,2025-2026,,
353404,2024-2025,2026-06-30,20241007123620
353404,2025-2026,,
332179,2024-2025,2027-06-30,20241009143025
1103958,2024-2025,,
1103958,2025-2026,,
352041,2024-2025,,
352041,2025-2026,2029-06-30,20260129083940
336960,2024-2025,,
336960,2025-2026,2028-06-30,20251014121932
442248,2024-2025,,
442248,2025-2026,2027-06-30,20251119061947
885230,2024-2025,,
143891,2024-2025,,
143891,2025-2026,,20251003142717
256977,2024-2025,,
165895,2024-2025,,
165895,2025-2026,2028-06-30,20260215161917
234029,2024-2025,2026-06-30,20241113041557
234029,2025-2026,2026-06-30,20251103151543
418571,2024-2025,,
442703,2024-2025,,
442703,2025-2026,2026-06-30,20251203145019
282672,2024-2025,2025-06-30,20240823172542
278296,2024-2025,,
278296,2025-2026,2026-06-30,20251204130839
829874,2024-2025,2026-06-30,20241009084033
829874,2025-2026,,
199369,2024-2025,2026-06-30,20241231212642
258923,2024-2025,2028-06-30,20241008152351
258923,2025-2026,2026-06-30,20250915172423
1005575,2024-2025,2029-06-30,20250121114559
1005575,2025-2026,,
405885,2024-2025,2028-06-30,20241009072521
405885,2025-2026,2030-06-30,20251023122448
554903,2024-2025,2028-06-30,20241105191737
648020,2024-2025,2028-06-30,20241224184709
648020,2025-2026,,
948275,2024-2025,,
948275,2025-2026,,
1365799,2024-2025,,20250602012717
412363,2024-2025,2028-06-30,20241008040635
412363,2025-2026,2028-06-30,20260109115142
503743,2024-2025,2030-06-30,20241119190121
503743,2025-2026,2031-06-30,20260204035137
197747,2024-2025,2027-06-30,20241009130646
197747,2025-2026,2027-06-30,20260121204717
616631,2024-2025,2028-06-30,20240926073055
616631,2025-2026,2030-06-30,20251002160113
127076,2024-2025,,20250120113156
381187,2024-2025,,
364857,2024-2025,,
340376,2024-2025,2029-06-30,20241008233340
340376,2025-2026,2029-06-30,20250822113847
381950,2024-2025,2025-06-30,20241010061957
381950,2025-2026,2031-06-30,20260202123243
580657,2024-2025,2029-06-30,20241225120756
580657,2025-2026,2029-06-30,20250829133848
537127,2024-2025,,
433177,2024-2025,2027-06-30,20241224195310
433177,2025-2026,,
392570,2024-2025,,
928323,2024-2025,2025-06-30,20240925093230
928323,2025-2026,,
337715,2024-2025,2028-06-30,20241130035807
337715,2025-2026,,
148455,2024-2025,2025-06-30,20241207013616
148455,2025-2026,2027-06-30,20251116101510
485584,2024-2025,,
980576,2024-2025,,
571020,2024-2025,,
571020,2025-2026,,
221311,2024-2025,2025-06-30,20240928010121
568005,2024-2025,,
568005,2025-2026,2026-06-30,20260113104516
127156,2024-2025,,
708072,2024-2025,2029-06-30,20241105191801
708072,2025-2026,,
571604,2024-2025,,
571604,2025-2026,,
504153,2024-2025,,
504153,2025-2026,2027-06-30,20251103221721
922563,2024-2025,,
922563,2025-2026,2022-12-16,20251124050414
275249,2024-2025,2027-06-30,20250124173955
93763,2024-2025,,20240927215618
804219,2024-2025,2027-06-30,20240924182628
804219,2025-2026,,
94529,2024-2025,2025-06-30,20241009123826
94529,2025-2026,,
392775,2024-2025,2026-06-30,20240928101119
392775,2025-2026,2026-06-30,20250916154715
198008,2024-2025,2026-06-30,20241212185700
198008,2025-2026,,
505653,2024-2025,,
505653,2025-2026,2030-06-30,20260119183231
663244,2024-2025,,
663244,2025-2026,,
897481,2024-2025,,
85528,2024-2025,2025-06-30,20241113000805
85528,2025-2026,,
337092,2024-2025,2026-06-30,20240924172931
337092,2025-2026,2026-06-30,20251114060151
346499,2024-2025,,
346499,2025-2026,,20251010031333
406638,2024-2025,2029-06-30,20240819205638
636697,2024-2025,,
668951,2024-2025,2029-06-30,20240820223716
668951,2025-2026,2029-06-30,20260116071030
568698,2024-2025,,
568698,2025-2026,2026-06-30,20251119203834
212723,2024-2025,2028-06-30,20241105191755
212723,2025-2026,2029-06-30,20260104191417
354726,2024-2025,2026-06-30,20241001030452
354726,2025-2026,2026-06-30,20251213211333
199976,2024-2025,2027-06-30,20241111100055
199976,2025-2026,,
344069,2024-2025,2027-06-30,20241215090743
344069,2025-2026,,
483348,2024-2025,2028-06-30,20250120032522
483348,2025-2026,2029-06-30,20251012025444
289835,2024-2025,2026-06-30,20241007110410
289835,2025-2026,2024-11-18,20260114134046
483046,2024-2025,2029-06-30,20241008213429
483046,2025-2026,2029-06-30,20260110203602
552223,2024-2025,,
186590,2024-2025,2026-06-30,20241105191953
186590,2025-2026,2026-06-30,20251224040040
429983,2024-2025,2025-06-30,20241008232854
429983,2025-2026,,
502722,2024-2025,2029-06-30,20241008113815
502722,2025-2026,,
405385,2024-2025,2028-06-30,20250218065048
405385,2025-2026,,
166601,2024-2025,2026-06-30,20240924162246
166601,2025-2026,2026-06-30,20251009022843
457673,2024-2025,2027-06-30,20241110221435
457673,2025-2026,2029-06-30,20251008130841
44058,2024-2025,2025-06-30,20241002204448
44058,2025-2026,,
203123,2024-2025,2027-06-30,20241110170746
203123,2025-2026,2026-06-30,20260302063611
131225,2024-2025,2025-06-30,20241223081051
131225,2025-2026,,
157507,2024-2025,,
157507,2025-2026,2026-06-30,20260111142111
212804,2024-2025,,
667965,2024-2025,2025-06-30,20240821100251
801734,2024-2025,2029-06-30,20241220162311
801734,2025-2026,,
848509,2024-2025,2027-06-30,20241007110810
848509,2025-2026,2030-06-30,20250823070859
533568,2024-2025,,
533568,2025-2026,2027-06-30,20251003064244
464598,2024-2025,,
96254,2024-2025,2026-06-30,20240814234738
96254,2025-2026,2026-06-30,20260131125851
783396,2024-2025,,
783396,2025-2026,,
442891,2024-2025,2029-06-30,20240816004834
442891,2025-2026,,
364245,2024-2025,2029-06-30,20240916221952
364245,2025-2026,2029-06-30,20251025012630
368891,2024-2025,2025-06-30,20250114144201
368891,2025-2026,,
409153,2024-2025,2027-06-30,20240928025848
31599,2024-2025,2025-06-30,20240924163356
94030,2024-2025,2025-06-30,20240924185010
303254,2024-2025,2027-06-30,20241111110340
303254,2025-2026,2027-06-30,20251008085821
991744,2024-2025,,
991744,2025-2026,2026-06-30,20251201090244
335993,2024-2025,,
335993,2025-2026,,20251002174808
720038,2024-2025,2026-06-30,20241224172547
720038,2025-2026,2029-06-30,20251010145902
874538,2024-2025,,
95810,2024-2025,2026-06-30,20241008105413
95810,2025-2026,2026-06-30,20251116073556
144028,2024-2025,2026-06-30,20241101222838
144028,2025-2026,2027-06-30,20250910192518
75921,2024-2025,2025-06-30,20240926124306
75921,2025-2026,2026-06-30,20251011012049
543666,2024-2025,2025-06-30,20241129011313
543666,2025-2026,2028-06-30,20260113142538
338070,2024-2025,2027-06-30,20241105192005
338070,2025-2026,,
488935,2024-2025,,
488935,2025-2026,2028-06-30,20250904125144
517753,2024-2025,2027-06-30,20241007224617
517753,2025-2026,,
548188,2024-2025,,
548188,2025-2026,2027-06-30,20251005031818
277384,2024-2025,2029-06-30,20250117060827
277384,2025-2026,2029-06-30,20250907035216
445126,2024-2025,,
445126,2025-2026,2028-06-30,20251115193031
111195,2024-2025,2025-06-30,20240929020531
111195,2025-2026,2026-06-30,20251204153640
709957,2024-2025,2025-06-30,20241212084438
709957,2025-2026,,
557459,2024-2025,,
557459,2025-2026,2029-06-30,20251119133227
601143,2024-2025,,
601143,2025-2026,,
130360,2024-2025,2025-06-30,20241113001438
286047,2024-2025,2028-06-30,20241111071133
286047,2025-2026,2028-06-30,20260130155257
926694,2024-2025,,
926694,2025-2026,2026-06-30,20260228153721
540536,2024-2025,,
540536,2025-2026,2027-06-30,20251104140010
181579,2024-2025,2025-06-30,20241112210844
181579,2025-2026,,
324358,2024-2025,,
324358,2025-2026,,
884810,2024-2025,2028-06-30,20250221160633
370846,2024-2025,2028-06-30,20241105191805
370846,2025-2026,,
340329,2024-2025,,
340329,2025-2026,2027-06-30,20250909140836
503680,2024-2025,2026-06-30,20240925194441
503680,2025-2026,,
854721,2024-2025,2027-06-30,20250531185026
854721,2025-2026,,
123682,2024-2025,,
123682,2025-2026,2026-06-30,20260104022038
388165,2024-2025,,
388165,2025-2026,,20260113024442
196793,2024-2025,,
108725,2024-2025,2025-06-30,20241217162237
108725,2025-2026,,
503990,2024-2025,2028-06-30,20240821021905
572326,2024-2025,,
572326,2025-2026,2029-06-30,20250910202636
962124,2024-2025,,
962124,2025-2026,2029-06-30,20251013054131
283735,2024-2025,2029-06-30,20240926201129
283735,2025-2026,2029-06-30,20251115075851
810092,2024-2025,2029-06-30,20241008120153
810092,2025-2026,2029-06-30,20250911093936
555143,2024-2025,,
555143,2025-2026,,
173859,2024-2025,,
173859,2025-2026,2025-06-30,20251003202346
491296,2024-2025,,
524010,2024-2025,,
524010,2025-2026,2027-06-30,20251007135410
713644,2024-2025,2025-06-30,20241008002659
713644,2025-2026,2026-06-30,20251117195751
469709,2024-2025,,20250115010743
160963,2024-2025,2025-06-30,20240929161529
160963,2025-2026,,
316264,2024-2025,2028-06-30,20250217175835
316264,2025-2026,,
933017,2025-2026,2029-06-30,20260206083929
688707,2025-2026,,
921345,2025-2026,2029-06-30,20260123030226
633530,2024-2025,,
633530,2025-2026,2027-06-30,20251010091758
747720,2025-2026,2030-06-30,20251213023524
1208520,2025-2026,,
531404,2025-2026,,
349884,2025-2026,2026-06-30,20251005001424
392771,2025-2026,2027-06-30,20251009081647
1293040,2025-2026,,
646824,2025-2026,,20251016091954
588989,2025-2026,,
1118347,2025-2026,,20251208165239
1184986,2025-2026,,20251024015505
569939,2025-2026,2028-06-30,20260111002245
63200,2025-2026,,
334835,2025-2026,2026-06-30,20251003082726
580451,2025-2026,,
708186,2025-2026,,
945500,2025-2026,2027-06-30,20260210063107
864306,2025-2026,2029-06-30,20250829010029
796297,2025-2026,,
81173,2025-2026,2027-06-30,20251104212405
1064506,2025-2026,,
658116,2025-2026,2027-06-30,20251023103118
667251,2025-2026,2026-12-31,20260128234337
465717,2025-2026,,
441515,2025-2026,2028-06-30,20260111195325
241527,2025-2026,2028-06-30,20251212164416
741253,2025-2026,2028-06-30,20260115105754
663900,2025-2026,,
898352,2025-2026,,
318508,2025-2026,,
232271,2025-2026,,
1097113,2025-2026,,
334222,2025-2026,2029-06-30,20250822143833
877124,2025-2026,,
934514,2025-2026,,20251030102037
1196272,2025-2026,,
236953,2025-2026,,
1063333,2025-2026,,
691958,2025-2026,2029-06-30,20251130210554
240897,2025-2026,2026-06-30,20251229083727
1393997,2025-2026,,
1202361,2025-2026,2025-03-10,20251127003820
326416,2025-2026,2026-06-30,20251002183349
1352339,2025-2026,,
1101356,2025-2026,,
912392,2025-2026,2026-12-31,20251008130703
242063,2025-2026,2028-06-30,20251012185118
593412,2025-2026,,
724783,2025-2026,,
471936,2025-2026,2025-12-31,20251004201058
495625,2025-2026,,
988987,2025-2026,2030-06-30,20250826153116
1111831,2025-2026,,
276111,2025-2026,2026-06-30,20251003100822
1208968,2025-2026,,20250818071159
530298,2025-2026,,
1058514,2025-2026,,
881297,2025-2026,,
1453065,2025-2026,,
99397,2025-2026,2026-06-30,20260208141655
1268764,2025-2026,2028-06-30,20250818054259
1004486,2025-2026,2028-06-30,20251002182347
375816,2025-2026,2028-06-30,20251120173049
692187,2025-2026,,
640556,2025-2026,2030-06-30,20250813132533
342048,2025-2026,2027-06-30,20250830173501
1133733,2025-2026,,
164904,2025-2026,,
291222,2025-2026,,
627290,2025-2026,,
830265,2025-2026,2027-06-30,20251207050224
28396,2025-2026,2026-06-30,20250906015057
692368,2025-2026,2031-06-30,20260117084325
1187629,2025-2026,,20251020033501
770436,2025-2026,,
529895,2025-2026,,
392179,2025-2026,2027-06-30,20251219161215
255495,2025-2026,,
842341,2025-2026,2030-06-30,20260103234401
1065832,2025-2026,2028-06-30,20250821164322
504085,2025-2026,2026-06-30,20260128034801
217144,2025-2026,2026-06-30,20251117050831
1071596,2025-2026,,
1066206,2025-2026,,
603675,2025-2026,2028-06-30,20260219105714
1057574,2025-2026,,
985806,2025-2026,,
810649,2025-2026,2030-06-30,20250910065456
1020191,2025-2026,2027-06-30,20251104225111
719673,2025-2026,2030-06-30,20260110105928
979324,2025-2026,2029-06-30,20251002144236
393745,2025-2026,2026-06-30,20260105104328
810096,2025-2026,,
527972,2025-2026,2027-06-30,20250909112519
118287,2025-2026,,
390163,2025-2026,2026-06-30,20260101073431
540056,2025-2026,,
196139,2025-2026,2027-06-30,20260211110907
1306455,2025-2026,2028-06-30,20251126005013
1307109,2025-2026,,
479638,2025-2026,2026-06-30,20250831130123
579459,2025-2026,,
514285,2025-2026,2029-06-30,20260109085724
110036,2025-2026,,
1129198,2025-2026,2026-12-31,20251003125707
1023191,2025-2026,,
591949,2025-2026,,
989574,2025-2026,,
885445,2025-2026,2030-06-30,20250829191306
884822,2025-2026,,
1058359,2025-2026,2027-06-30,20251027134438
1145064,2025-2026,,
743091,2025-2026,2026-06-30,20260301035707
337946,2025-2026,,
535820,2025-2026,,
935281,2025-2026,,
406042,2025-2026,2027-06-30,20251026153724
377729,2025-2026,,20251105072811
696764,2025-2026,2026-06-30,20251104083226
333175,2025-2026,,
652061,2025-2026,,
739769,2025-2026,2028-06-30,20251003062452
1075583,2025-2026,2028-06-30,20251016203954
1134250,2025-2026,,
1057563,2025-2026,2026-06-30,20260202052535
357778,2025-2026,,
358515,2025-2026,2027-06-30,20251029111744
651973,2025-2026,2027-06-30,20251119203540
955358,2025-2026,,
724106,2025-2026,2028-06-30,20251003202011
1061122,2025-2026,,
392767,2025-2026,2026-06-30,20251003224228
1134304,2025-2026,,20250815223141
1331450,2025-2026,2028-06-30,20251127093250
170506,2025-2026,2023-06-30,20251205033336
290862,2025-2026,2027-06-30,20260210001758
894456,2025-2026,2026-06-30,20260130033247
341277,2025-2026,2027-06-30,20251002150320
843286,2025-2026,,
952779,2025-2026,,
322305,2025-2026,2027-06-30,20251206040112
507496,2025-2026,,
379163,2025-2026,,
537602,2025-2026,,
707063,2025-2026,2026-06-30,20260102010126
743500,2025-2026,2026-06-30,20251011092527
683620,2025-2026,2030-06-30,20251203222546
1300966,2025-2026,2031-06-30,20260206152202
1206824,2025-2026,2028-06-30,20251003101242
924857,2025-2026,2030-06-30,20250814011731
525438,2025-2026,2026-06-30,20251006011908
1013810,2025-2026,,
696181,2025-2026,2028-06-30,20250908110027
1042472,2025-2026,2025-07-06,20251123211142
700078,2025-2026,2027-06-30,20251211121835
227039,2025-2026,2028-06-30,20260126074120
147051,2025-2026,,
433329,2025-2026,2028-06-30,20260219164106
1053208,2025-2026,2028-06-30,20251010173215
1071818,2025-2026,2025-06-17,20251017062139
944331,2025-2026,2027-06-30,20251008234751
1108466,2025-2026,2026-06-30,20250905090022
981700,2025-2026,,
920470,2025-2026,2028-06-30,20251202210636
914269,2025-2026,,20250831221724
678655,2025-2026,2028-06-30,20251003035357
1385195,2025-2026,2029-06-30,20260127214323
1043646,2025-2026,2030-06-30,20251109151312
505493,2025-2026,,
1306999,2025-2026,,
895591,2025-2026,,
718303,2025-2026,2030-06-30,20251104005736
1073748,2025-2026,,
1178695,2025-2026,,
386685,2025-2026,,20251012065327
169511,2025-2026,,
699233,2025-2026,,
726701,2025-2026,2028-06-30,20251006205547
604207,2025-2026,,
947411,2025-2026,,
1228231,2025-2026,,
834487,2025-2026,,
1170313,2025-2026,,
1055860,2025-2026,,
683625,2025-2026,,
1262768,2025-2026,,
182201,2025-2026,,
819590,2025-2026,,
560705,2025-2026,2028-06-30,20251020061213
808348,2025-2026,2030-06-30,20251023123032
962125,2025-2026,2027-06-30,20251002225901
706947,2025-2026,,
160929,2025-2026,2027-06-30,20260213180754
322517,2025-2026,2029-06-30,20251008103706
1091353,2025-2026,,
851385,2025-2026,,
1086258,2025-2026,,
663581,2025-2026,2030-06-30,20251021082924
541628,2025-2026,2029-06-30,20251219013615
127160,2025-2026,2026-06-30,20260107014705
564785,2025-2026,2027-06-30,20251010115040
131996,2025-2026,,
1159864,2025-2026,2030-06-30,20260202160013
1063340,2025-2026,2026-06-30,20260118190455
820723,2025-2026,2027-06-30,20251017035324
631821,2025-2026,,
417913,2025-2026,,
258827,2025-2026,,
76163,2025-2026,2026-06-30,20251206154607
844516,2025-2026,2028-06-30,20260119054931
936739,2025-2026,,
610083,2025-2026,,
537598,2025-2026,,
659648,2025-2026,,
1301775,2025-2026,,
1046867,2025-2026,,
685484,2025-2026,,20251011160115
730484,2025-2026,2030-06-30,20251009192521
453742,2024-2025,,20241110215025
314353,2024-2025,2025-06-30,20241105191758
314353,2025-2026,2031-06-30,20250826165935
284854,2024-2025,2026-06-30,20241007131747
284854,2025-2026,,
357628,2024-2025,,
357628,2025-2026,,
456492,2024-2025,2026-06-30,20250123152145
670847,2024-2025,,
670847,2025-2026,2028-06-30,20251102153512
1061656,2024-2025,2026-06-30,20240818175100
1011738,2024-2025,2027-06-30,20240814132927
339820,2024-2025,2027-06-30,20240928203241
112515,2024-2025,,
112515,2025-2026,,
232454,2024-2025,2028-06-30,20240924162534
232454,2025-2026,2028-06-30,20250815051949
711969,2024-2025,2027-06-30,20240815175436
711969,2025-2026,2029-06-30,20260214174333
1004619,2024-2025,,
1004619,2025-2026,2030-06-30,20251008020330
428016,2024-2025,2029-06-30,20241113044651
295313,2024-2025,,
295313,2025-2026,2027-06-30,20251107024724
667287,2024-2025,,
667287,2025-2026,2027-06-30,20251203120042
286384,2024-2025,2025-06-30,20240928100144
286384,2025-2026,2027-06-30,20251002144042
108354,2024-2025,,
543727,2024-2025,,
127048,2024-2025,,
127048,2025-2026,,
124884,2024-2025,2026-06-30,20241008041422
124884,2025-2026,2027-06-30,20251003012659
95641,2024-2025,,
661053,2024-2025,,
661053,2025-2026,,
741292,2024-2025,2028-06-30,20240913103310
741292,2025-2026,,
485960,2024-2025,,
485960,2025-2026,,
571743,2024-2025,,
571743,2025-2026,,
638793,2024-2025,2028-06-30,20240907101554
638793,2025-2026,,
46413,2024-2025,2027-06-30,20241219235333
46413,2025-2026,2027-06-30,20260116123521
386446,2024-2025,2029-06-30,20240914080204
386446,2025-2026,,
344009,2024-2025,,
255788,2024-2025,,
504209,2024-2025,2026-06-30,20241115190037
502821,2024-2025,2029-06-30,20240914000929
502821,2025-2026,,
88680,2024-2025,2025-06-30,20241113042040
640428,2024-2025,2029-06-30,20240928001504
640428,2025-2026,2029-06-30,20260104234224
804711,2024-2025,,
84765,2024-2025,,20241113004712
250779,2024-2025,2027-06-30,20241108120715
250779,2025-2026,2027-06-30,20251025171902
659459,2024-2025,2025-06-30,20250218124145
659459,2025-2026,2030-06-30,20250826134615
146227,2024-2025,,
724108,2024-2025,2025-06-30,20250321174540
266807,2024-2025,2026-06-30,20241008012526
536156,2024-2025,,
657430,2024-2025,,
657430,2025-2026,2026-06-30,20251016033325
157672,2024-2025,2025-06-30,20241007170255
157672,2025-2026,,
658534,2024-2025,,
658534,2025-2026,2028-06-30,20251205011831
605396,2024-2025,2029-06-30,20241112055306
365172,2024-2025,2026-06-30,20241003190810
169497,2024-2025,2026-06-30,20241008151538
169497,2025-2026,2026-06-30,20251002163617
1183575,2024-2025,2029-06-30,20241204151542
530742,2024-2025,2025-06-30,20241109193912
530742,2025-2026,,
540941,2024-2025,2030-06-30,20250122194427
540941,2025-2026,,
621802,2024-2025,2025-06-30,20250114104402
621802,2025-2026,2028-06-30,20251010045045
392956,2024-2025,2027-06-30,20241202172015
392956,2025-2026,2027-06-30,20260112021551
335457,2024-2025,2028-06-30,20241009042931
335457,2025-2026,2028-06-30,20260110141023
866655,2024-2025,,
866655,2025-2026,2029-06-30,20250825195605
480692,2024-2025,2027-06-30,20241220061819
480692,2025-2026,2029-06-30,20251204173822
198116,2024-2025,2027-06-30,20241218221610
198116,2025-2026,,
536482,2024-2025,2027-06-30,20240910012816
536482,2025-2026,,
165467,2024-2025,,
165467,2025-2026,2026-06-30,20260217110429
385394,2024-2025,,
385394,2025-2026,,
825438,2024-2025,,
825438,2025-2026,,
343537,2024-2025,,
343537,2025-2026,,
236966,2024-2025,2024-03-26,20241009062948
236966,2025-2026,2024-03-26,20251201053942
970279,2024-2025,2027-06-30,20250121151351
970279,2025-2026,,
311044,2024-2025,2026-06-30,20241007192240
311044,2025-2026,,
292808,2024-2025,2027-06-30,20241008151010
292808,2025-2026,,
118997,2024-2025,2027-06-30,20241125210032
118997,2025-2026,,
435796,2024-2025,2027-06-30,20250104204401
435796,2025-2026,,
118284,2024-2025,,
743386,2024-2025,2028-06-30,20250101032450
743386,2025-2026,2028-06-30,20251007034409
391376,2024-2025,,
937955,2024-2025,2026-06-30,20241217173752
937955,2025-2026,,
488362,2024-2025,2029-06-30,20241105191825
488362,2025-2026,,
312819,2024-2025,2026-06-30,20241113040831
121686,2024-2025,2025-06-30,20240925151212
561613,2024-2025,2028-06-30,20241109110559
561613,2025-2026,2031-06-30,20251118101450
505219,2024-2025,,
505219,2025-2026,2027-06-30,20251229105048
470618,2024-2025,2025-06-30,20241012151118
225963,2024-2025,,
701819,2024-2025,,
701819,2025-2026,,
429014,2024-2025,,
429014,2025-2026,,
225122,2024-2025,,
225122,2025-2026,2028-06-30,20260104133502
670858,2024-2025,,20241113200424
670858,2025-2026,,20250909120017
339556,2024-2025,2026-06-30,20250114144902
339556,2025-2026,2026-06-30,20251013194512
281769,2024-2025,2027-06-30,20241113173204
281769,2025-2026,,
555500,2024-2025,2027-06-30,20241008033057
555500,2025-2026,,
99343,2024-2025,,
181768,2024-2025,,
181768,2025-2026,2026-06-30,20251120174102
190289,2024-2025,,
198709,2024-2025,,
85288,2024-2025,,
85288,2025-2026,,
435228,2024-2025,,
435228,2025-2026,2027-06-30,20260222193108
124028,2024-2025,2025-06-30,20241008004450
353892,2024-2025,,
353892,2025-2026,,
1047104,2024-2025,2026-06-30,20241215073732
539798,2024-2025,2028-06-30,20241118160824
539798,2025-2026,2029-06-30,20260101175137
610608,2024-2025,2025-06-30,20250114154530
486604,2024-2025,2025-06-30,20241105191942
805886,2024-2025,,
805886,2025-2026,,
741257,2024-2025,2028-06-30,20241008115541
741257,2025-2026,,
480116,2024-2025,2029-06-30,20241018143624
480116,2025-2026,,
184816,2024-2025,,
337333,2024-2025,2025-06-30,20240923073042
337333,2025-2026,,
692737,2024-2025,,20241009074003
692737,2025-2026,2025-05-21,20251012074215
405687,2024-2025,2025-06-30,20240928101124
405687,2025-2026,2026-06-30,20251022210028
979766,2024-2025,2029-06-30,20250601015329
127181,2024-2025,,
93720,2024-2025,2025-06-30,20240927221430
225873,2024-2025,2025-06-30,20240928003320
676411,2024-2025,,
617081,2024-2025,,
617081,2025-2026,,
838236,2024-2025,2027-06-30,20240928123256
838236,2025-2026,2027-06-30,20251114123738
286415,2024-2025,2025-06-30,20241008160615
286415,2025-2026,,
96341,2024-2025,2027-06-30,20240919040622
96341,2025-2026,2027-06-30,20250820000935
133731,2024-2025,2027-06-30,20241207123411
133731,2025-2026,,
1200289,2024-2025,,
1200289,2025-2026,2029-06-30,20251212074638
815078,2024-2025,,
815078,2025-2026,2025-07-07,20251004070747
240692,2024-2025,,
240692,2025-2026,,
80293,2024-2025,2026-06-30,20241009030431
80293,2025-2026,,
324377,2024-2025,,
324377,2025-2026,2026-06-30,20260201182652
308279,2024-2025,2026-06-30,20241007173403
308279,2025-2026,2026-06-30,20251201232836
655488,2024-2025,2027-06-30,20241008100303
655488,2025-2026,,
227961,2024-2025,,
535834,2024-2025,2028-06-30,20250124202516
861981,2024-2025,,
861981,2025-2026,,
340328,2024-2025,,
584769,2024-2025,,
584769,2025-2026,2027-06-30,20251009012140
729814,2024-2025,2028-06-30,20241105191756
729814,2025-2026,,
729872,2024-2025,2028-06-30,20240815200714
671799,2024-2025,2025-12-31,20240821234230
671799,2025-2026,2029-06-30,20251211040446
923595,2024-2025,2027-06-30,20240818030933
923595,2025-2026,,
538874,2024-2025,2027-06-30,20241007144239
538874,2025-2026,2027-06-30,20251202130344
27992,2024-2025,2025-06-30,20250209160703
27992,2025-2026,2026-06-30,20251229165525
462348,2024-2025,2027-06-30,20240822025415
462348,2025-2026,2027-06-30,20250909200129
262939,2024-2025,,
262939,2025-2026,,
348026,2024-2025,2025-06-30,20240829015456
348026,2025-2026,,
953901,2024-2025,,
953901,2025-2026,2024-12-31,20251104191042
337036,2024-2025,2028-06-30,20240928003000
414908,2024-2025,,
414908,2025-2026,2028-06-30,20251101081432
242359,2024-2025,2025-06-30,20241004001010
242359,2025-2026,,
127573,2024-2025,2026-06-30,20241008234501
127573,2025-2026,,
371149,2024-2025,,
371149,2025-2026,2028-06-30,20251116170505
404842,2024-2025,2026-06-30,20250220080002
404842,2025-2026,,
494586,2024-2025,2028-06-30,20240816004802
649490,2024-2025,2026-06-30,20241105191801
649490,2025-2026,,
400546,2024-2025,,
400546,2025-2026,2026-06-30,20250912145848
1061336,2024-2025,,
1061336,2025-2026,,
503160,2024-2025,2027-06-30,20241230053433
503160,2025-2026,,
469669,2024-2025,,
469669,2025-2026,2028-06-30,20260126173911
596153,2024-2025,2027-06-30,20240910023635
596153,2025-2026,2027-06-30,20260108081032
666974,2024-2025,2028-06-30,20240901044941
666974,2025-2026,,
195778,2024-2025,,
195778,2025-2026,2026-06-30,20250909132734
1086375,2024-2025,,
560483,2024-2025,2026-06-30,20241007144551
560483,2025-2026,,
894914,2024-2025,2029-06-30,20240925021357
894914,2025-2026,2029-06-30,20251101133439
345590,2024-2025,,
345590,2025-2026,2027-06-30,20251116145032
743498,2024-2025,,
743498,2025-2026,,
546543,2024-2025,2028-06-30,20241009091033
897423,2024-2025,2024-08-16,20250104190118
897423,2025-2026,2029-06-30,20260228095830
696164,2024-2025,2026-06-30,20240926001725
696164,2025-2026,2026-06-30,20251004200159
1030425,2024-2025,,
280730,2024-2025,,
280730,2025-2026,2029-06-30,20251219063459
351478,2024-2025,2028-06-30,20241009064509
351478,2025-2026,2028-06-30,20260215094932
661171,2024-2025,2029-06-30,20241009103238
661171,2025-2026,,
163048,2024-2025,,
163048,2025-2026,2027-06-30,20260207134330
993645,2024-2025,2025-06-30,20250129171715
1305792,2024-2025,,
257455,2024-2025,2028-06-30,20240923102551
257455,2025-2026,,
45026,2024-2025,,20240821222151
574671,2024-2025,2028-06-30,20241008023223
574671,2025-2026,2028-06-30,20260217010457
555820,2024-2025,,
555820,2025-2026,2026-06-30,20250822163041
583404,2024-2025,2025-06-30,20241113133926
583404,2025-2026,,
537171,2024-2025,,
356197,2024-2025,,
356197,2025-2026,2026-06-30,20251008211130
821522,2024-2025,,
157635,2024-2025,2026-06-30,20240928030922
157635,2025-2026,2027-06-30,20260105010956
625047,2024-2025,2031-06-30,20250115004156
625047,2025-2026,,
876298,2024-2025,2028-06-30,20241111124117
876298,2025-2026,2028-06-30,20251008110617
745075,2024-2025,,
344576,2024-2025,2028-06-30,20250119020429
636686,2024-2025,2025-06-30,20240928011249
504215,2024-2025,,
504215,2025-2026,2028-06-30,20251014165542
1045124,2024-2025,2029-06-30,20250520174334
357565,2024-2025,2027-06-30,20241224224743
357565,2025-2026,2027-06-30,20251104140832
357662,2024-2025,2028-06-30,20241008164725
357662,2025-2026,2028-06-30,20251104041438
139435,2024-2025,,
139435,2025-2026,2026-06-30,20251202172108
391005,2024-2025,2025-06-30,20250127192935
66100,2024-2025,2025-06-30,20241008151608
342385,2024-2025,,20241008005112
342385,2025-2026,,
370791,2024-2025,2025-06-30,20240821103503
370791,2025-2026,2029-06-30,20250831010606
332889,2024-2025,,
332889,2025-2026,,
441170,2024-2025,,
441170,2025-2026,2028-06-30,20251203105047
1063574,2024-2025,2026-06-30,20250528022637
1063574,2025-2026,,
525704,2024-2025,2025-06-30,20241110061859
525704,2025-2026,2028-06-30,20251119133105
335147,2024-2025,2025-06-30,20240831103013
676042,2024-2025,2026-06-30,20241105191748
676042,2025-2026,,
618809,2024-2025,,
618809,2025-2026,,
388409,2024-2025,,
388409,2025-2026,2028-06-30,20251106101454
403151,2024-2025,2030-06-30,20241009171959
403151,2025-2026,2030-06-30,20260216234633
393321,2024-2025,2027-12-31,20241219031346
393321,2025-2026,,
74230,2024-2025,2025-06-30,20241113001028
748382,2024-2025,2025-06-30,20250427043449
748382,2025-2026,,
192565,2024-2025,2025-06-30,20241009055941
640109,2024-2025,2025-06-30,20241008002234
640109,2025-2026,2026-06-30,20251109230717
568617,2024-2025,,
568617,2025-2026,,
168678,2024-2025,,
454863,2024-2025,,
454863,2025-2026,,
566931,2024-2025,2025-06-30,20241225173621
566931,2025-2026,2030-06-30,20260210004859
977877,2024-2025,,
270393,2024-2025,,20241008070232
270393,2025-2026,,
287920,2024-2025,,
287920,2025-2026,2024-09-20,20251114114421
204069,2024-2025,2028-06-30,20241224220647
93827,2024-2025,2026-06-30,20241214080221
444211,2024-2025,,
61841,2024-2025,,
61841,2025-2026,2026-06-30,20251016145802
258889,2024-2025,2030-06-30,20241111091151
258889,2025-2026,,
206717,2024-2025,,
474701,2024-2025,,
474701,2025-2026,,
745191,2024-2025,2029-06-30,20241113102519
540333,2024-2025,,
540333,2025-2026,2027-06-30,20260111143127
739443,2024-2025,,
739443,2025-2026,2029-06-30,20251102085328
505194,2024-2025,,
616344,2024-2025,,
616344,2025-2026,2029-06-30,20250816220112
857832,2024-2025,2026-06-30,20240928054419
565093,2024-2025,,
565093,2025-2026,,
409517,2024-2025,,
551182,2024-2025,,
787151,2024-2025,,
787151,2025-2026,2027-06-30,20251121082531
1338984,2024-2025,2026-06-30,20241209130016
92572,2024-2025,2025-06-30,20241007193054
900909,2024-2025,2025-06-30,20241226140133
279455,2024-2025,2026-06-30,20241009013532
279455,2025-2026,2026-06-30,20260116212119
598577,2024-2025,2027-06-30,20241225070726
598577,2025-2026,2030-06-30,20260118135710
527425,2024-2025,2027-06-30,20250131192616
618898,2024-2025,2025-06-30,20241227135118
717411,2024-2025,2028-06-30,20250115084907
717411,2025-2026,,
149829,2024-2025,2025-06-30,20241010002925
734676,2025-2026,,
1354775,2025-2026,,
610795,2025-2026,,
583510,2025-2026,2028-06-30,20251010125508
684210,2025-2026,2029-06-30,20251219122252
683571,2025-2026,2029-06-30,20260112212248
524290,2025-2026,2029-06-30,20251208030759
1201529,2025-2026,2027-06-30,20250823025838
865682,2025-2026,2030-06-30,20250909113515
620295,2025-2026,2025-06-13,20251010154559
90317,2025-2026,2026-06-30,20251023100607
375877,2025-2026,,
610400,2025-2026,,
973949,2025-2026,2027-06-30,20251206140235
976446,2025-2026,2028-06-30,20260127213621
155025,2025-2026,,
182712,2025-2026,2026-06-30,20260129001318
819566,2025-2026,2029-06-30,20251105000130
811778,2025-2026,,
1315458,2025-2026,,20251226091734
568006,2025-2026,2026-06-30,20250920005337
986288,2025-2026,2028-06-30,20251202061024
395122,2025-2026,,
539232,2025-2026,2028-06-30,20251024043531
144128,2025-2026,2026-06-30,20260111053139
1105948,2025-2026,,20260127214949
127188,2025-2026,,
930998,2025-2026,2026-06-30,20260128192421
264960,2025-2026,,
261503,2025-2026,,
1011936,2025-2026,,
660735,2025-2026,2025-12-31,20251204214008
1066134,2025-2026,,20260127220024
711374,2025-2026,2030-06-30,20251007070122
325443,2025-2026,2030-06-30,20260113095814
404418,2025-2026,,
807386,2025-2026,2030-06-30,20251104000632
495752,2025-2026,2026-01-31,20260128204100
885226,2025-2026,2027-06-30,20251007001832
464469,2025-2026,2029-06-30,20250905232821
610622,2025-2026,,
834742,2025-2026,,
1119391,2025-2026,,20260120162504
875334,2025-2026,,
581326,2025-2026,,
883007,2025-2026,,
335103,2025-2026,,
991459,2025-2026,,
1070979,2025-2026,2027-06-30,20251014051012
570336,2025-2026,,
653610,2025-2026,2030-06-30,20251002145600
1000135,2025-2026,,
1073176,2025-2026,,
243879,2025-2026,2026-06-30,20251109153340
403177,2025-2026,2027-06-30,20251117232217
727089,2025-2026,,
830365,2025-2026,2030-06-30,20251202070331
405389,2025-2026,,
1114187,2025-2026,,
317057,2025-2026,,
945767,2025-2026,,
1241207,2025-2026,2028-06-30,20260301081438
568696,2025-2026,,
258364,2025-2026,2028-06-30,20251002150156
703245,2025-2026,2027-06-30,20251019041424
398163,2025-2026,2029-06-30,20251206175115
684318,2024-2025,2027-06-30,20240926131852
1178475,2024-2025,2026-06-30,20250530131857
1176519,2024-2025,2027-06-30,20250424175850
545538,2024-2025,,
545538,2025-2026,,
99922,2024-2025,2025-06-30,20241008213419
99922,2025-2026,2027-06-30,20251009012215
134883,2024-2025,,
165873,2024-2025,2027-06-30,20250117163103
179184,2024-2025,2027-06-30,20241010003000
179184,2025-2026,2027-06-30,20260201173431
388363,2024-2025,2025-06-30,20250127181311
237164,2024-2025,2026-06-30,20241113120452
237164,2025-2026,,
1210422,2024-2025,2026-06-30,20250527165321
581678,2024-2025,2029-06-30,20241002205947
581678,2025-2026,2029-06-30,20260118100701
872171,2024-2025,2028-06-30,20241008092909
872171,2025-2026,2028-06-30,20251217133227
583046,2024-2025,,
583046,2025-2026,2028-06-30,20251010143103
307924,2024-2025,2025-06-30,20250128101202
188888,2024-2025,2026-06-30,20241228121906
188888,2025-2026,,
565821,2024-2025,,
565821,2025-2026,2030-06-30,20251009214359
410425,2024-2025,2026-06-30,20241110193520
410425,2025-2026,2026-06-30,20260107022215
386047,2024-2025,,
386047,2025-2026,2029-06-30,20250909115147
476836,2024-2025,2028-06-30,20241009153749
476836,2025-2026,,
385848,2024-2025,,
709726,2024-2025,2029-06-30,20241009141654
709726,2025-2026,2031-06-30,20260118012453
196231,2024-2025,2026-06-30,20241009013938
196231,2025-2026,2026-06-30,20251127130241
331496,2024-2025,2025-06-30,20241113154538
484547,2024-2025,2028-06-30,20241220032727
484547,2025-2026,,
272278,2024-2025,2028-06-30,20240924204551
272278,2025-2026,,
569387,2024-2025,,20241203123103
569387,2025-2026,,
420210,2024-2025,2029-06-30,20241113104254
420210,2025-2026,2029-06-30,20250912172146
119277,2024-2025,,
119277,2025-2026,2024-03-27,20260131163506
478573,2024-2025,2028-06-30,20240928003258
478573,2025-2026,2028-06-30,20251103213035
537382,2024-2025,2025-06-30,20241008071739
537382,2025-2026,2030-06-30,20260129224308
693095,2024-2025,,
82873,2024-2025,,
82873,2025-2026,2027-06-30,20260217063158
195736,2024-2025,2026-06-30,20241113180819
700106,2024-2025,2028-06-30,20240928010122
700106,2025-2026,,
170986,2024-2025,,
170986,2025-2026,2026-06-30,20251008071445
991800,2024-2025,2029-06-30,20240826083331
991800,2025-2026,,
924117,2024-2025,,
924117,2025-2026,2030-06-30,20250909112616
371998,2024-2025,2027-06-30,20241203102857
371998,2025-2026,2027-06-30,20260118112231
324804,2024-2025,,
667967,2024-2025,,
667967,2025-2026,2025-06-30,20251119203536
481675,2024-2025,2029-06-30,20250311155601
298477,2024-2025,2027-06-30,20240821062659
315969,2024-2025,2025-06-30,20240822004726
315969,2025-2026,2028-06-30,20251023125838
926763,2024-2025,2025-06-30,20250115003504
225593,2024-2025,2027-06-30,20240928014316
225593,2025-2026,2027-06-30,20251021081901
292534,2024-2025,2025-06-30,20241010000343
292534,2025-2026,2024-10-21,20251201154231
666234,2024-2025,2029-06-30,20250115012735
292139,2024-2025,2028-06-30,20241109072754
173504,2024-2025,2026-06-30,20240928001535
173504,2025-2026,2028-06-30,20251009004647
579287,2024-2025,,
579287,2025-2026,2029-06-30,20251009223740
546213,2024-2025,2026-06-30,20241010002919
397033,2024-2025,2028-06-30,20241225093647
397033,2025-2026,2028-06-30,20250909134349
1251220,2025-2026,,
296802,2025-2026,,20251021103917
866250,2025-2026,2025-06-30,20251204203836
1011140,2025-2026,,
969447,2025-2026,2026-06-30,20251123182458
1259870,2025-2026,2027-06-30,20260211144754
957822,2025-2026,2027-06-30,20251116032751
1314562,2025-2026,,
1041614,2025-2026,2030-06-30,20251010110514
1057316,2025-2026,,
1330946,2025-2026,,
948272,2025-2026,2027-06-30,20251016120906
587002,2025-2026,2026-06-30,20251027143103
592387,2025-2026,2028-06-30,20251116112336
1111777,2025-2026,,
655207,2025-2026,2029-06-30,20251107190005
538006,2025-2026,2026-06-30,20251205030244
1159439,2025-2026,,
1186245,2025-2026,,
1153105,2025-2026,2028-06-30,20251026144135
1191520,2025-2026,,
689505,2024-2025,2029-06-30,20240907104148
689505,2025-2026,,
329145,2024-2025,,20250121235041
329145,2025-2026,,
787912,2024-2025,,
787912,2025-2026,2029-06-30,20250912154338
678406,2024-2025,2027-06-30,20240822014949
678406,2025-2026,,
49723,2024-2025,,
49723,2025-2026,2026-06-30,20251231141225
596122,2024-2025,2027-06-30,20241007224617
596122,2025-2026,,
227081,2024-2025,2025-06-30,20241007225854
713787,2024-2025,,
484988,2024-2025,,
484988,2025-2026,2030-06-30,20251008143424
1033005,2024-2025,2025-06-30,20241228020743
1033005,2025-2026,,
288230,2024-2025,2028-06-30,20241220033924
288230,2025-2026,2028-06-30,20260102012734
463605,2024-2025,2028-06-30,20241008103140
463605,2025-2026,,
1004344,2024-2025,2026-06-30,20240825023523
1004344,2025-2026,,
506189,2024-2025,,
342877,2024-2025,2025-06-30,20250129133125
342877,2025-2026,,
691482,2024-2025,2027-06-30,20240910090553
691482,2025-2026,2030-06-30,20260217030645
251302,2024-2025,2028-06-30,20241124023119
251302,2025-2026,,
76467,2024-2025,2025-06-30,20240929055741
76467,2025-2026,2027-06-30,20251003180318
917375,2024-2025,2026-06-30,20241009234021
691316,2024-2025,,
691316,2025-2026,2030-06-30,20251123152028
330472,2024-2025,2021-09-03,20241110221522
283497,2024-2025,2027-06-30,20241009053117
283497,2025-2026,,
115333,2024-2025,2025-06-30,20241008072743
684062,2024-2025,,
569383,2024-2025,2025-06-30,20241003074711
569383,2025-2026,2029-06-30,20251022084759
521964,2024-2025,2027-06-30,20240927152052
521964,2025-2026,,20260218080436
564545,2024-2025,2028-06-30,20241113080101
564545,2025-2026,2028-06-30,20251116111006
988275,2025-2026,,
262980,2025-2026,2026-06-30,20251023115701
578419,2025-2026,,
765467,2025-2026,,
